frame,track_id_a,track_id_b,cost_px,status
0,1,1,55.3,matched
0,2,3,529.1,rejected_too_far
0,3,2,3.1,matched
1,1,1,39.0,matched
1,3,2,3.9,matched
1,2,,,unmatched_a_extra
2,1,1,28.9,matched
2,2,3,533.0,rejected_too_far
2,3,2,4.0,matched
3,1,1,45.3,matched
3,3,2,0.8,matched
3,2,,,unmatched_a_extra
4,1,1,43.9,matched
4,2,3,534.4,rejected_too_far
4,3,2,2.2,matched
5,1,1,26.1,matched
5,3,2,2.3,matched
5,2,,,unmatched_a_extra
6,1,1,25.2,matched
6,3,2,5.4,matched
6,2,,,unmatched_a_extra
7,1,1,27.8,matched
7,3,2,7.4,matched
7,2,,,unmatched_a_extra
8,1,1,26.9,matched
8,2,3,537.2,rejected_too_far
8,3,2,3.0,matched
9,1,1,18.5,matched
9,3,2,3.9,matched
9,2,,,unmatched_a_extra
10,1,1,24.3,matched
10,3,2,2.3,matched
10,2,,,unmatched_a_extra
11,1,1,34.8,matched
11,3,2,0.3,matched
11,2,,,unmatched_a_extra
11,5,,,unmatched_a_extra
12,1,1,36.3,matched
12,3,2,4.0,matched
12,2,,,unmatched_a_extra
12,5,,,unmatched_a_extra
13,1,1,21.0,matched
13,3,2,2.7,matched
13,2,,,unmatched_a_extra
13,5,,,unmatched_a_extra
14,1,1,25.0,matched
14,3,2,2.7,matched
14,2,,,unmatched_a_extra
14,5,,,unmatched_a_extra
15,1,1,30.3,matched
15,3,2,0.8,matched
15,2,,,unmatched_a_extra
15,5,,,unmatched_a_extra
16,1,1,38.6,matched
16,3,2,0.5,matched
16,2,,,unmatched_a_extra
16,5,,,unmatched_a_extra
17,1,1,19.9,matched
17,3,2,11.6,matched
17,2,,,unmatched_a_extra
17,5,,,unmatched_a_extra
18,1,1,17.6,matched
18,2,2,340.8,rejected_too_far
18,5,,,unmatched_a_extra
18,9,,,unmatched_a_extra
19,1,1,17.6,matched
19,2,2,342.8,rejected_too_far
19,5,,,unmatched_a_extra
19,9,,,unmatched_a_extra
20,1,1,17.3,matched
20,2,2,344.6,rejected_too_far
20,5,,,unmatched_a_extra
20,9,,,unmatched_a_extra
21,1,1,17.3,matched
21,2,2,337.3,rejected_too_far
21,5,5,126.1,matched
21,9,4,115.9,matched
22,1,1,13.6,matched
22,2,2,334.1,rejected_too_far
22,9,5,118.9,matched
22,5,,,unmatched_a_extra
23,1,2,91.7,matched
23,2,1,253.1,rejected_too_far
23,9,5,126.6,matched
23,5,,,unmatched_a_extra
24,1,1,17.9,matched
24,5,5,142.2,matched
24,9,2,472.1,rejected_too_far
25,1,1,17.7,matched
25,9,5,140.4,matched
25,15,2,47.3,matched
25,5,,,unmatched_a_extra
26,1,1,17.4,matched
26,5,5,168.9,rejected_too_far
26,9,2,469.0,rejected_too_far
27,1,2,78.8,matched
27,5,5,185.0,rejected_too_far
27,9,1,403.7,rejected_too_far
28,1,2,63.0,matched
28,5,5,190.8,rejected_too_far
28,9,1,397.3,rejected_too_far
29,1,2,53.7,matched
29,9,1,391.5,rejected_too_far
29,18,5,5.6,matched
29,5,,,unmatched_a_extra
30,1,2,47.3,matched
30,5,5,212.8,rejected_too_far
30,9,1,388.2,rejected_too_far
31,1,2,43.6,matched
31,9,1,387.4,rejected_too_far
31,18,5,11.6,matched
31,5,,,unmatched_a_extra
32,1,2,41.3,matched
32,5,5,238.1,rejected_too_far
32,9,1,383.8,rejected_too_far
33,1,2,35.8,matched
33,5,5,244.0,rejected_too_far
33,9,1,375.6,rejected_too_far
34,1,5,165.5,rejected_too_far
34,19,2,13.8,matched
34,15,1,10.0,matched
34,5,,,unmatched_a_extra
34,9,,,unmatched_a_extra
35,9,5,238.0,rejected_too_far
35,19,2,12.8,matched
35,15,1,11.2,matched
35,5,,,unmatched_a_extra
36,9,5,249.8,rejected_too_far
36,19,2,14.4,matched
36,15,1,8.8,matched
36,5,,,unmatched_a_extra
37,19,2,14.3,matched
37,15,1,6.4,matched
37,1,5,103.5,matched
37,5,,,unmatched_a_extra
37,9,,,unmatched_a_extra
38,19,2,15.8,matched
38,15,1,6.6,matched
38,1,5,82.3,matched
38,5,,,unmatched_a_extra
38,9,,,unmatched_a_extra
39,9,5,262.5,rejected_too_far
39,19,2,16.7,matched
39,1,1,8.3,matched
39,5,,,unmatched_a_extra
40,9,1,330.3,rejected_too_far
40,19,2,15.7,matched
40,20,5,9.5,matched
40,5,,,unmatched_a_extra
41,19,2,18.2,matched
41,20,5,7.6,matched
41,1,1,14.3,matched
41,5,,,unmatched_a_extra
41,9,,,unmatched_a_extra
41,22,,,unmatched_a_extra
42,19,2,18.7,matched
42,20,5,2.8,matched
42,1,1,16.9,matched
42,5,,,unmatched_a_extra
42,9,,,unmatched_a_extra
42,22,,,unmatched_a_extra
43,19,2,18.3,matched
43,20,1,32.8,matched
43,5,,,unmatched_a_extra
43,9,,,unmatched_a_extra
43,22,,,unmatched_a_extra
43,1,,,unmatched_a_extra
44,19,2,10.4,matched
44,20,1,25.3,matched
44,5,,,unmatched_a_extra
44,9,,,unmatched_a_extra
44,22,,,unmatched_a_extra
45,19,2,14.2,matched
45,20,1,19.2,matched
45,5,,,unmatched_a_extra
45,9,,,unmatched_a_extra
45,22,,,unmatched_a_extra
46,19,2,18.0,matched
46,20,5,12.1,matched
46,1,1,17.7,matched
46,5,,,unmatched_a_extra
46,9,,,unmatched_a_extra
46,22,,,unmatched_a_extra
47,19,2,18.0,matched
47,20,5,13.7,matched
47,1,1,7.7,matched
47,5,,,unmatched_a_extra
47,9,,,unmatched_a_extra
47,22,,,unmatched_a_extra
48,5,4,48.2,matched
48,19,2,22.0,matched
48,20,5,14.6,matched
48,1,1,5.8,matched
48,9,,,unmatched_a_extra
48,22,,,unmatched_a_extra
49,5,4,47.3,matched
49,19,2,24.2,matched
49,20,5,4.9,matched
49,1,1,5.1,matched
49,9,,,unmatched_a_extra
49,22,,,unmatched_a_extra
50,5,4,58.6,matched
50,19,2,23.3,matched
50,20,1,69.6,matched
50,9,,,unmatched_a_extra
50,22,,,unmatched_a_extra
51,5,4,68.0,matched
51,19,2,22.1,matched
51,20,1,84.3,matched
51,9,,,unmatched_a_extra
51,22,,,unmatched_a_extra
52,5,2,308.7,rejected_too_far
52,9,1,233.2,rejected_too_far
52,19,5,48.6,matched
52,22,4,114.5,matched
53,5,1,237.0,rejected_too_far
53,9,2,298.7,rejected_too_far
53,19,5,50.8,matched
53,22,4,120.0,matched
54,5,1,233.3,rejected_too_far
54,9,2,299.3,rejected_too_far
54,19,5,57.2,matched
54,22,4,127.0,matched
55,5,1,220.8,rejected_too_far
55,9,2,289.9,rejected_too_far
55,19,5,61.3,matched
55,22,4,134.7,matched
56,5,1,213.5,rejected_too_far
56,9,2,277.7,rejected_too_far
56,19,5,75.0,matched
56,22,4,137.2,matched
57,5,1,209.7,rejected_too_far
57,9,2,266.3,rejected_too_far
57,19,5,93.9,matched
57,22,4,139.5,matched
58,5,1,204.6,rejected_too_far
58,9,2,262.4,rejected_too_far
58,19,5,107.3,matched
58,22,4,143.5,matched
59,5,4,28.6,matched
59,9,1,186.8,rejected_too_far
59,19,5,119.6,matched
59,28,2,57.8,matched
59,22,,,unmatched_a_extra
60,5,4,34.2,matched
60,9,1,175.8,rejected_too_far
60,19,5,136.7,matched
60,28,2,60.8,matched
60,22,,,unmatched_a_extra
61,5,4,28.1,matched
61,19,2,11.3,matched
61,28,1,9.5,matched
61,29,5,61.4,matched
61,9,,,unmatched_a_extra
61,22,,,unmatched_a_extra
62,5,4,19.9,matched
62,19,2,10.8,matched
62,28,1,8.6,matched
62,29,5,65.6,matched
62,9,,,unmatched_a_extra
62,22,,,unmatched_a_extra
63,5,4,18.4,matched
63,19,2,17.3,matched
63,28,1,8.1,matched
63,29,5,61.1,matched
63,9,,,unmatched_a_extra
63,22,,,unmatched_a_extra
64,5,4,18.7,matched
64,19,2,19.8,matched
64,28,1,8.3,matched
64,29,5,80.4,matched
64,9,,,unmatched_a_extra
64,22,,,unmatched_a_extra
65,5,4,19.4,matched
65,19,2,21.2,matched
65,28,1,8.0,matched
65,29,5,84.2,matched
65,9,,,unmatched_a_extra
65,22,,,unmatched_a_extra
66,5,4,10.1,matched
66,9,1,126.4,matched
66,19,2,15.9,matched
66,29,5,98.5,matched
66,22,,,unmatched_a_extra
67,5,4,6.4,matched
67,9,1,121.2,matched
67,19,2,14.7,matched
67,29,5,106.2,matched
67,22,,,unmatched_a_extra
68,5,4,4.9,matched
68,9,1,117.9,matched
68,19,2,14.3,matched
68,29,5,154.8,rejected_too_far
68,22,,,unmatched_a_extra
69,5,4,6.5,matched
69,9,1,107.4,matched
69,19,2,15.0,matched
69,29,5,189.1,rejected_too_far
69,22,,,unmatched_a_extra
70,5,4,1.9,matched
70,9,1,96.5,matched
70,19,2,17.1,matched
70,29,5,210.8,rejected_too_far
70,22,,,unmatched_a_extra
71,5,4,0.9,matched
71,9,1,90.2,matched
71,19,2,16.2,matched
71,22,,,unmatched_a_extra
71,29,,,unmatched_a_extra
72,5,4,7.8,matched
72,9,1,86.7,matched
72,19,2,15.6,matched
72,22,10,55.7,matched
72,29,,,unmatched_a_extra
73,5,4,17.4,matched
73,9,1,80.8,matched
73,19,2,14.1,matched
73,22,10,62.3,matched
73,29,,,unmatched_a_extra
74,5,4,11.6,matched
74,9,1,76.0,matched
74,19,2,13.9,matched
74,22,10,61.7,matched
74,29,,,unmatched_a_extra
75,5,1,39.8,matched
75,9,4,15.7,matched
75,19,2,14.1,matched
75,22,10,60.1,matched
75,29,,,unmatched_a_extra
76,5,1,25.7,matched
76,9,4,17.5,matched
76,19,2,15.8,matched
76,22,10,53.6,matched
76,29,,,unmatched_a_extra
77,5,1,18.9,matched
77,9,4,31.2,matched
77,19,2,15.9,matched
77,22,10,48.4,matched
77,29,,,unmatched_a_extra
78,5,4,19.6,matched
78,9,13,5.7,matched
78,19,2,14.5,matched
78,22,10,53.8,matched
78,29,,,unmatched_a_extra
78,30,,,unmatched_a_extra
79,5,4,24.2,matched
79,19,2,13.8,matched
79,22,10,47.0,matched
79,9,,,unmatched_a_extra
79,29,,,unmatched_a_extra
79,30,,,unmatched_a_extra
80,5,4,20.6,matched
80,9,1,34.0,matched
80,19,2,13.9,matched
80,22,10,35.6,matched
80,29,,,unmatched_a_extra
80,30,,,unmatched_a_extra
81,5,1,31.9,matched
81,19,2,13.7,matched
81,22,10,31.4,matched
81,9,,,unmatched_a_extra
81,29,,,unmatched_a_extra
81,30,,,unmatched_a_extra
82,5,4,5.9,matched
82,9,1,35.5,matched
82,19,2,13.2,matched
82,22,10,31.7,matched
82,29,15,276.9,rejected_too_far
82,30,,,unmatched_a_extra
83,5,4,21.4,matched
83,9,1,37.7,matched
83,19,2,12.1,matched
83,22,10,31.3,matched
83,29,15,253.2,rejected_too_far
83,30,,,unmatched_a_extra
84,5,4,26.6,matched
84,9,17,4.3,matched
84,19,1,63.6,matched
84,22,10,24.3,matched
84,29,15,232.1,rejected_too_far
84,30,2,49131.3,rejected_too_far
85,5,4,39.6,matched
85,9,1,53.4,matched
85,19,2,12.7,matched
85,22,10,11.8,matched
85,29,15,195.0,rejected_too_far
85,30,,,unmatched_a_extra
86,5,1,95.8,matched
86,9,4,4.2,matched
86,19,2,14.9,matched
86,22,10,13.3,matched
86,29,15,155.4,rejected_too_far
86,30,,,unmatched_a_extra
87,5,1,96.8,matched
87,9,4,4.9,matched
87,19,2,14.7,matched
87,22,10,18.2,matched
87,29,15,131.7,matched
87,30,,,unmatched_a_extra
88,9,1,75.4,matched
88,19,2,15.2,matched
88,22,10,20.6,matched
88,29,15,94.7,matched
88,5,,,unmatched_a_extra
88,30,,,unmatched_a_extra
89,5,20,2.9,matched
89,9,1,84.1,matched
89,19,2,15.3,matched
89,22,10,18.1,matched
89,29,15,101.2,matched
89,30,,,unmatched_a_extra
90,5,20,8.8,matched
90,9,1,92.3,matched
90,19,2,15.2,matched
90,22,10,12.5,matched
90,29,15,79.2,matched
90,30,,,unmatched_a_extra
91,5,20,12.5,matched
91,9,1,94.0,matched
91,19,2,14.4,matched
91,22,10,12.3,matched
91,29,15,69.4,matched
91,30,,,unmatched_a_extra
92,5,20,3.7,matched
92,9,1,93.9,matched
92,19,2,10.7,matched
92,22,10,13.4,matched
92,29,15,57.4,matched
92,30,,,unmatched_a_extra
93,5,20,49.3,matched
93,9,4,4.0,matched
93,19,2,8.7,matched
93,22,10,4.1,matched
93,29,15,47.1,matched
93,30,1,27464.0,rejected_too_far
94,5,20,10.1,matched
94,9,1,94.0,matched
94,19,2,8.8,matched
94,22,10,4.6,matched
94,29,15,41.9,matched
94,30,,,unmatched_a_extra
95,5,20,8.0,matched
95,9,1,90.1,matched
95,19,2,12.7,matched
95,22,10,3.5,matched
95,29,15,42.2,matched
95,30,,,unmatched_a_extra
96,5,20,14.5,matched
96,9,4,17.1,matched
96,19,1,65.9,matched
96,22,10,2.4,matched
96,29,15,32.2,matched
96,30,,,unmatched_a_extra
97,5,20,9.8,matched
97,9,4,12.8,matched
97,19,1,65.3,matched
97,22,10,2.1,matched
97,29,15,24.2,matched
97,30,,,unmatched_a_extra
98,5,20,9.6,matched
98,9,4,7.4,matched
98,19,2,7.5,matched
98,22,10,5.4,matched
98,29,15,21.9,matched
98,30,1,15098.1,rejected_too_far
99,5,20,11.9,matched
99,9,4,9.7,matched
99,19,2,9.7,matched
99,22,10,4.0,matched
99,29,15,15.8,matched
99,30,,,unmatched_a_extra
100,5,20,12.0,matched
100,9,4,12.5,matched
100,19,2,14.1,matched
100,22,1,55.1,matched
100,29,15,9.6,matched
100,30,,,unmatched_a_extra
101,5,20,8.8,matched
101,9,4,8.9,matched
101,19,2,16.9,matched
101,22,1,58.4,matched
101,29,15,10.1,matched
101,30,,,unmatched_a_extra
102,5,20,7.1,matched
102,9,4,7.5,matched
102,19,2,15.2,matched
102,22,1,60.7,matched
102,29,15,16.2,matched
102,30,,,unmatched_a_extra
103,5,20,3.8,matched
103,9,4,8.3,matched
103,19,1,40.8,matched
103,22,2,120.9,matched
103,30,15,9720.8,rejected_too_far
104,5,20,9.9,matched
104,9,4,6.9,matched
104,19,1,59.0,matched
104,22,2,118.8,matched
104,30,15,9405.3,rejected_too_far
105,5,20,8.1,matched
105,9,4,5.6,matched
105,19,1,70.6,matched
105,22,2,113.3,matched
105,30,15,8200.0,rejected_too_far
106,5,20,3.1,matched
106,9,4,7.1,matched
106,19,2,60.0,matched
106,22,17,8.2,matched
106,30,15,7670.3,rejected_too_far
106,33,1,79.6,matched
107,5,20,3.0,matched
107,9,4,6.3,matched
107,19,2,21.3,matched
107,22,17,9.2,matched
107,30,15,7232.0,rejected_too_far
107,33,1,85.3,matched
108,5,20,8.9,matched
108,9,4,7.4,matched
108,19,2,11.1,matched
108,22,17,8.0,matched
108,30,15,6764.5,rejected_too_far
108,,1,,unmatched_b_extra
109,5,20,9.1,matched
109,9,4,3.8,matched
109,19,2,14.7,matched
109,22,17,2.6,matched
109,30,15,6481.6,rejected_too_far
109,,1,,unmatched_b_extra
110,5,20,7.0,matched
110,9,4,7.2,matched
110,19,2,20.9,matched
110,22,17,8.3,matched
110,30,15,6352.5,rejected_too_far
110,,1,,unmatched_b_extra
111,5,20,5.7,matched
111,9,4,8.0,matched
111,19,2,23.3,matched
111,22,17,11.4,matched
111,30,15,6275.2,rejected_too_far
111,,1,,unmatched_b_extra
112,5,20,5.6,matched
112,9,4,7.5,matched
112,19,2,21.6,matched
112,22,17,10.9,matched
112,30,15,6065.9,rejected_too_far
112,36,1,141.9,matched
113,5,20,14.0,matched
113,9,4,8.8,matched
113,19,2,19.2,matched
113,22,17,10.5,matched
113,30,15,5709.9,rejected_too_far
113,36,1,157.7,rejected_too_far
114,5,20,19.3,matched
114,9,4,10.4,matched
114,19,2,16.7,matched
114,22,17,12.1,matched
114,30,15,5494.3,rejected_too_far
114,36,1,166.2,rejected_too_far
115,5,20,15.4,matched
115,9,4,8.1,matched
115,19,2,15.0,matched
115,22,1,88.4,matched
115,36,15,47.2,matched
115,30,,,unmatched_a_extra
115,37,,,unmatched_a_extra
116,5,20,7.4,matched
116,9,4,8.4,matched
116,19,2,19.2,matched
116,22,1,89.9,matched
116,36,15,52.6,matched
116,30,,,unmatched_a_extra
116,37,,,unmatched_a_extra
117,5,20,8.8,matched
117,9,4,10.8,matched
117,19,2,15.9,matched
117,22,1,94.3,matched
117,36,15,58.4,matched
117,30,,,unmatched_a_extra
117,37,,,unmatched_a_extra
118,5,20,13.6,matched
118,9,4,10.9,matched
118,19,2,14.0,matched
118,22,17,24.0,matched
118,36,1,202.7,rejected_too_far
118,37,15,58.6,matched
118,30,,,unmatched_a_extra
119,5,20,17.1,matched
119,9,4,9.1,matched
119,19,2,13.2,matched
119,22,17,20.2,matched
119,36,1,212.0,rejected_too_far
119,37,15,50.4,matched
119,30,,,unmatched_a_extra
120,5,20,14.3,matched
120,9,4,11.5,matched
120,19,2,12.7,matched
120,22,17,20.6,matched
120,36,1,224.7,rejected_too_far
120,37,15,44.1,matched
120,30,,,unmatched_a_extra
121,5,20,13.1,matched
121,9,4,10.5,matched
121,19,2,14.3,matched
121,22,17,23.9,matched
121,36,1,224.5,rejected_too_far
121,37,15,46.6,matched
121,30,,,unmatched_a_extra
122,5,20,19.8,matched
122,9,4,14.7,matched
122,19,2,15.5,matched
122,22,17,17.7,matched
122,36,1,229.1,rejected_too_far
122,37,15,55.6,matched
122,30,,,unmatched_a_extra
123,5,20,15.7,matched
123,9,4,15.7,matched
123,19,2,16.4,matched
123,22,17,21.5,matched
123,36,1,235.8,rejected_too_far
123,37,15,71.3,matched
123,30,,,unmatched_a_extra
124,5,20,12.5,matched
124,9,4,17.7,matched
124,19,2,13.2,matched
124,22,17,25.6,matched
124,36,1,238.8,rejected_too_far
124,37,15,82.4,matched
124,30,,,unmatched_a_extra
125,5,20,7.0,matched
125,9,4,14.1,matched
125,19,2,11.7,matched
125,22,17,26.1,matched
125,36,1,243.0,rejected_too_far
125,37,15,87.2,matched
125,30,,,unmatched_a_extra
126,5,20,9.4,matched
126,9,4,15.3,matched
126,19,2,10.7,matched
126,22,17,23.3,matched
126,36,15,81.0,matched
126,37,1,246.9,rejected_too_far
126,30,,,unmatched_a_extra
127,5,20,13.4,matched
127,9,4,7.6,matched
127,19,2,12.7,matched
127,22,17,17.2,matched
127,30,15,3358.1,rejected_too_far
127,36,27,45.1,matched
127,37,1,232.1,rejected_too_far
128,5,20,14.1,matched
128,9,4,3.3,matched
128,19,2,9.8,matched
128,22,17,19.1,matched
128,36,27,29.1,matched
128,37,1,223.2,rejected_too_far
128,30,,,unmatched_a_extra
129,5,20,11.9,matched
129,9,4,6.1,matched
129,19,2,9.1,matched
129,22,17,20.8,matched
129,36,27,13.2,matched
129,37,1,220.1,rejected_too_far
129,30,,,unmatched_a_extra
130,5,20,9.0,matched
130,9,4,6.9,matched
130,19,2,16.7,matched
130,22,17,22.2,matched
130,36,27,3.6,matched
130,30,,,unmatched_a_extra
131,5,20,11.3,matched
131,9,4,11.1,matched
131,19,2,17.7,matched
131,22,17,23.5,matched
131,36,27,29.8,matched
131,30,,,unmatched_a_extra
131,37,,,unmatched_a_extra
132,5,20,13.3,matched
132,9,4,13.8,matched
132,19,2,12.7,matched
132,22,17,24.6,matched
132,37,27,35.9,matched
132,30,,,unmatched_a_extra
132,36,,,unmatched_a_extra
132,38,,,unmatched_a_extra
133,5,20,14.0,matched
133,9,4,16.5,matched
133,19,2,12.0,matched
133,22,17,27.3,matched
133,37,27,27.3,matched
133,30,,,unmatched_a_extra
133,36,,,unmatched_a_extra
133,38,,,unmatched_a_extra
134,5,20,16.5,matched
134,9,4,18.3,matched
134,19,2,20.2,matched
134,22,17,29.4,matched
134,37,27,18.6,matched
134,30,,,unmatched_a_extra
134,36,,,unmatched_a_extra
134,38,,,unmatched_a_extra
135,5,20,15.5,matched
135,9,4,18.1,matched
135,19,2,24.4,matched
135,22,17,32.0,matched
135,37,27,20.9,matched
135,30,,,unmatched_a_extra
135,36,,,unmatched_a_extra
135,38,,,unmatched_a_extra
136,5,20,15.3,matched
136,9,4,15.1,matched
136,19,1,16.5,matched
136,22,17,29.8,matched
136,37,27,15.9,matched
136,30,,,unmatched_a_extra
136,36,,,unmatched_a_extra
136,38,,,unmatched_a_extra
137,5,20,15.9,matched
137,9,4,11.0,matched
137,19,1,14.3,matched
137,22,17,30.0,matched
137,37,27,12.2,matched
137,30,,,unmatched_a_extra
137,36,,,unmatched_a_extra
137,38,,,unmatched_a_extra
138,5,20,16.6,matched
138,9,4,12.2,matched
138,19,1,13.7,matched
138,22,17,31.4,matched
138,37,27,6.3,matched
138,30,,,unmatched_a_extra
138,36,,,unmatched_a_extra
138,38,,,unmatched_a_extra
139,5,20,18.1,matched
139,9,4,14.2,matched
139,19,1,15.0,matched
139,22,17,33.9,matched
139,36,2,274.7,rejected_too_far
139,37,27,8.2,matched
139,30,,,unmatched_a_extra
139,38,,,unmatched_a_extra
140,5,20,13.4,matched
140,9,4,15.2,matched
140,19,1,15.1,matched
140,22,17,34.7,matched
140,36,2,262.4,rejected_too_far
140,37,27,6.2,matched
140,30,,,unmatched_a_extra
140,38,,,unmatched_a_extra
141,5,20,16.5,matched
141,9,4,11.0,matched
141,19,1,18.1,matched
141,22,17,33.0,matched
141,37,27,10.1,matched
141,30,,,unmatched_a_extra
141,36,,,unmatched_a_extra
141,38,,,unmatched_a_extra
142,5,20,18.3,matched
142,9,4,12.3,matched
142,19,1,15.2,matched
142,22,17,31.8,matched
142,37,27,12.0,matched
142,30,,,unmatched_a_extra
142,36,,,unmatched_a_extra
142,38,,,unmatched_a_extra
143,5,20,13.0,matched
143,9,4,14.0,matched
143,19,1,11.0,matched
143,22,17,36.5,matched
143,37,27,8.6,matched
143,30,,,unmatched_a_extra
143,36,,,unmatched_a_extra
143,38,,,unmatched_a_extra
144,5,20,12.7,matched
144,9,4,16.2,matched
144,19,2,20.1,matched
144,22,17,38.4,matched
144,30,,,unmatched_a_extra
144,36,,,unmatched_a_extra
144,38,,,unmatched_a_extra
144,37,,,unmatched_a_extra
145,5,20,12.6,matched
145,9,4,13.5,matched
145,19,2,21.6,matched
145,22,17,37.9,matched
145,30,,,unmatched_a_extra
145,36,,,unmatched_a_extra
145,38,,,unmatched_a_extra
145,37,,,unmatched_a_extra
146,5,20,19.4,matched
146,9,4,14.3,matched
146,19,2,23.8,matched
146,22,17,34.7,matched
146,37,27,25.0,matched
146,30,,,unmatched_a_extra
146,36,,,unmatched_a_extra
146,38,,,unmatched_a_extra
147,5,20,28.0,matched
147,9,4,15.3,matched
147,19,2,19.5,matched
147,22,17,33.1,matched
147,37,27,19.5,matched
147,30,,,unmatched_a_extra
147,36,,,unmatched_a_extra
147,38,,,unmatched_a_extra
147,47,,,unmatched_a_extra
148,5,20,27.1,matched
148,9,4,16.6,matched
148,19,2,21.9,matched
148,22,17,30.4,matched
148,37,27,24.8,matched
148,30,,,unmatched_a_extra
148,36,,,unmatched_a_extra
148,38,,,unmatched_a_extra
148,47,,,unmatched_a_extra
149,5,20,19.9,matched
149,9,4,16.4,matched
149,19,2,23.9,matched
149,22,17,29.3,matched
149,37,27,18.1,matched
149,30,,,unmatched_a_extra
149,38,,,unmatched_a_extra
149,47,,,unmatched_a_extra
150,5,20,16.7,matched
150,9,4,13.4,matched
150,19,27,105.3,matched
150,22,17,28.6,matched
150,47,2,29.9,matched
150,30,,,unmatched_a_extra
150,38,,,unmatched_a_extra
150,48,,,unmatched_a_extra
151,5,20,16.9,matched
151,9,4,16.1,matched
151,19,27,133.5,matched
151,22,17,26.1,matched
151,47,2,35.4,matched
151,30,,,unmatched_a_extra
151,38,,,unmatched_a_extra
151,48,,,unmatched_a_extra
152,5,20,16.1,matched
152,9,4,23.2,matched
152,19,27,162.2,rejected_too_far
152,22,17,25.9,matched
152,47,2,34.9,matched
152,30,,,unmatched_a_extra
152,38,,,unmatched_a_extra
152,48,,,unmatched_a_extra
153,5,20,16.8,matched
153,9,4,20.3,matched
153,19,27,184.1,rejected_too_far
153,22,17,26.9,matched
153,47,2,35.7,matched
153,30,,,unmatched_a_extra
153,38,,,unmatched_a_extra
153,48,,,unmatched_a_extra
154,5,20,18.4,matched
154,9,4,19.7,matched
154,22,17,29.2,matched
154,38,2,126.8,matched
154,47,27,222.7,rejected_too_far
154,30,,,unmatched_a_extra
154,48,,,unmatched_a_extra
155,5,20,18.7,matched
155,9,4,16.0,matched
155,22,17,26.2,matched
155,47,2,35.4,matched
155,37,27,9.6,matched
155,30,,,unmatched_a_extra
155,38,,,unmatched_a_extra
155,48,,,unmatched_a_extra
156,5,20,22.4,matched
156,9,4,17.1,matched
156,22,17,38.1,matched
156,38,32,71.9,matched
156,47,2,37.2,matched
156,37,27,7.1,matched
156,30,,,unmatched_a_extra
156,48,,,unmatched_a_extra
157,5,20,23.0,matched
157,9,4,11.4,matched
157,22,17,39.5,matched
157,38,32,72.9,matched
157,47,2,43.3,matched
157,37,27,14.1,matched
157,30,,,unmatched_a_extra
157,48,,,unmatched_a_extra
158,5,20,21.1,matched
158,22,17,29.2,matched
158,38,2,71.3,matched
158,47,4,380.5,rejected_too_far
158,48,32,1484.4,rejected_too_far
158,37,27,13.1,matched
158,30,,,unmatched_a_extra
159,5,20,17.1,matched
159,22,17,24.4,matched
159,30,32,1599.7,rejected_too_far
159,38,2,60.0,matched
159,47,4,383.9,rejected_too_far
159,37,27,16.3,matched
160,5,20,18.2,matched
160,22,17,22.4,matched
160,38,32,59.3,matched
160,37,27,25.2,matched
160,50,2,35.1,matched
160,30,,,unmatched_a_extra
160,47,,,unmatched_a_extra
161,5,4,7.3,matched
161,22,17,22.9,matched
161,38,32,60.9,matched
161,37,27,29.3,matched
161,50,2,44.8,matched
161,30,,,unmatched_a_extra
161,47,,,unmatched_a_extra
162,5,20,18.7,matched
162,22,17,21.8,matched
162,47,32,80.7,matched
162,37,27,32.7,matched
162,50,2,48.3,matched
162,9,4,21.9,matched
162,30,,,unmatched_a_extra
163,22,20,116.8,matched
163,30,32,1491.4,rejected_too_far
163,37,27,41.8,matched
163,50,17,344.5,rejected_too_far
163,9,4,23.3,matched
163,38,2,22.2,matched
164,22,20,114.6,matched
164,30,32,1480.5,rejected_too_far
164,37,27,53.8,matched
164,50,17,340.2,rejected_too_far
164,9,4,20.4,matched
164,38,2,18.7,matched
165,22,17,27.2,matched
165,37,27,62.6,matched
165,9,4,18.3,matched
165,38,32,59.1,matched
165,5,20,23.6,matched
165,47,2,51.8,matched
165,30,,,unmatched_a_extra
165,50,,,unmatched_a_extra
166,22,17,22.9,matched
166,37,27,81.9,matched
166,50,2,55.3,matched
166,9,4,20.7,matched
166,38,32,55.7,matched
166,5,20,24.0,matched
166,30,,,unmatched_a_extra
166,47,,,unmatched_a_extra
167,22,17,21.5,matched
167,37,27,111.6,matched
167,9,4,22.3,matched
167,38,2,13.6,matched
167,5,20,22.3,matched
167,47,32,103.5,matched
167,30,,,unmatched_a_extra
167,48,,,unmatched_a_extra
168,22,17,11.8,matched
168,9,4,20.9,matched
168,38,2,28.2,matched
168,5,20,22.1,matched
168,47,32,94.2,matched
168,30,,,unmatched_a_extra
168,37,,,unmatched_a_extra
168,48,,,unmatched_a_extra
169,22,17,13.2,matched
169,9,4,19.3,matched
169,38,2,34.6,matched
169,5,20,21.9,matched
169,47,32,88.1,matched
169,50,34,35.4,matched
169,30,,,unmatched_a_extra
169,37,,,unmatched_a_extra
169,48,,,unmatched_a_extra
170,22,17,14.2,matched
170,9,4,19.4,matched
170,38,34,27.6,matched
170,5,20,21.1,matched
170,50,2,66.9,matched
170,30,,,unmatched_a_extra
170,37,,,unmatched_a_extra
170,47,,,unmatched_a_extra
170,48,,,unmatched_a_extra
171,22,17,17.5,matched
171,9,4,20.5,matched
171,38,34,25.1,matched
171,5,20,20.8,matched
171,47,2,86.7,matched
171,30,,,unmatched_a_extra
171,37,,,unmatched_a_extra
171,50,,,unmatched_a_extra
172,22,17,17.8,matched
172,9,4,20.7,matched
172,38,34,22.1,matched
172,5,20,21.4,matched
172,47,2,84.9,matched
172,50,32,69.4,matched
172,30,,,unmatched_a_extra
172,37,,,unmatched_a_extra
173,22,34,372.7,rejected_too_far
173,37,20,626.7,rejected_too_far
173,9,17,68.3,matched
173,5,4,6.1,matched
173,47,2,88.4,matched
173,50,32,68.2,matched
173,30,,,unmatched_a_extra
174,22,17,14.5,matched
174,9,4,26.4,matched
174,5,20,19.4,matched
174,47,2,79.4,matched
174,50,32,62.7,matched
174,38,34,8.3,matched
174,37,,,unmatched_a_extra
175,22,17,16.7,matched
175,5,20,19.5,matched
175,47,2,83.6,matched
175,50,32,64.6,matched
175,38,34,9.6,matched
175,37,,,unmatched_a_extra
175,9,,,unmatched_a_extra
176,22,17,17.8,matched
176,9,4,23.5,matched
176,5,20,21.8,matched
176,50,32,70.5,matched
176,38,34,11.3,matched
176,37,,,unmatched_a_extra
176,47,,,unmatched_a_extra
177,22,17,8.8,matched
177,5,20,22.1,matched
177,50,32,72.2,matched
177,38,34,12.2,matched
177,37,,,unmatched_a_extra
177,9,,,unmatched_a_extra
177,47,,,unmatched_a_extra
178,22,17,8.2,matched
178,9,4,18.3,matched
178,5,20,27.5,matched
178,50,32,72.8,matched
178,38,34,13.5,matched
178,37,,,unmatched_a_extra
178,47,,,unmatched_a_extra
179,22,17,13.4,matched
179,9,4,19.2,matched
179,5,20,29.8,matched
179,50,32,67.9,matched
179,38,34,14.2,matched
179,37,,,unmatched_a_extra
179,47,,,unmatched_a_extra
180,22,17,14.3,matched
180,9,4,20.2,matched
180,5,20,29.7,matched
180,38,34,12.4,matched
180,37,,,unmatched_a_extra
180,47,,,unmatched_a_extra
180,50,,,unmatched_a_extra
181,22,17,15.0,matched
181,9,4,23.9,matched
181,5,20,28.2,matched
181,38,34,23.0,matched
181,37,,,unmatched_a_extra
181,47,,,unmatched_a_extra
181,50,,,unmatched_a_extra
182,22,17,11.3,matched
182,9,4,26.3,matched
182,5,20,28.5,matched
182,38,34,22.9,matched
182,37,,,unmatched_a_extra
182,47,,,unmatched_a_extra
182,50,,,unmatched_a_extra
183,22,17,14.2,matched
183,9,4,24.1,matched
183,5,20,28.4,matched
183,38,34,23.8,matched
183,37,,,unmatched_a_extra
183,47,,,unmatched_a_extra
183,50,,,unmatched_a_extra
184,22,17,14.2,matched
184,9,4,23.0,matched
184,5,20,27.0,matched
184,38,34,21.4,matched
184,37,,,unmatched_a_extra
184,47,,,unmatched_a_extra
184,50,,,unmatched_a_extra
185,22,17,13.7,matched
185,9,4,24.4,matched
185,5,20,25.5,matched
185,38,34,36.5,matched
185,37,,,unmatched_a_extra
185,47,,,unmatched_a_extra
185,50,,,unmatched_a_extra
186,22,17,9.1,matched
186,9,4,25.0,matched
186,5,20,22.8,matched
186,38,34,39.5,matched
186,37,,,unmatched_a_extra
186,47,,,unmatched_a_extra
186,50,,,unmatched_a_extra
187,22,17,8.1,matched
187,9,4,26.6,matched
187,5,20,23.8,matched
187,38,34,49.8,matched
187,37,,,unmatched_a_extra
187,47,,,unmatched_a_extra
187,50,,,unmatched_a_extra
188,22,17,12.8,matched
188,9,4,24.8,matched
188,5,20,24.4,matched
188,38,34,56.0,matched
188,37,,,unmatched_a_extra
188,47,,,unmatched_a_extra
188,50,,,unmatched_a_extra
189,22,17,15.2,matched
189,9,4,26.8,matched
189,5,20,26.1,matched
189,38,34,54.7,matched
189,37,,,unmatched_a_extra
189,47,,,unmatched_a_extra
189,50,,,unmatched_a_extra
190,22,17,7.8,matched
190,9,4,27.4,matched
190,5,20,26.7,matched
190,38,34,58.6,matched
190,37,,,unmatched_a_extra
190,47,,,unmatched_a_extra
190,50,,,unmatched_a_extra
191,22,17,4.8,matched
191,9,4,28.2,matched
191,5,20,27.2,matched
191,38,34,66.7,matched
191,37,,,unmatched_a_extra
191,47,,,unmatched_a_extra
191,50,,,unmatched_a_extra
192,22,17,33.7,matched
192,9,4,25.6,matched
192,5,20,26.2,matched
192,38,34,62.6,matched
192,37,,,unmatched_a_extra
192,47,,,unmatched_a_extra
192,50,,,unmatched_a_extra
193,22,17,27.4,matched
193,9,4,25.2,matched
193,5,20,23.2,matched
193,38,34,66.0,matched
193,37,,,unmatched_a_extra
193,47,,,unmatched_a_extra
193,50,,,unmatched_a_extra
194,22,17,13.8,matched
194,9,4,23.9,matched
194,5,20,22.2,matched
194,38,34,71.9,matched
194,37,,,unmatched_a_extra
194,47,,,unmatched_a_extra
194,50,,,unmatched_a_extra
195,22,17,4.2,matched
195,9,4,25.0,matched
195,5,20,23.4,matched
195,38,34,85.9,matched
195,37,,,unmatched_a_extra
195,47,,,unmatched_a_extra
195,50,,,unmatched_a_extra
196,22,17,6.2,matched
196,9,4,27.0,matched
196,5,20,23.8,matched
196,38,34,113.9,matched
196,37,,,unmatched_a_extra
196,47,,,unmatched_a_extra
196,50,,,unmatched_a_extra
197,22,17,12.3,matched
197,9,4,27.0,matched
197,5,20,23.6,matched
197,38,34,134.4,matched
197,37,,,unmatched_a_extra
197,47,,,unmatched_a_extra
197,50,,,unmatched_a_extra
198,22,17,10.3,matched
198,9,4,23.7,matched
198,5,20,23.0,matched
198,38,34,172.2,rejected_too_far
198,37,,,unmatched_a_extra
198,47,,,unmatched_a_extra
198,50,,,unmatched_a_extra
199,22,17,8.8,matched
199,9,4,21.5,matched
199,5,20,21.8,matched
199,38,34,218.5,rejected_too_far
199,37,,,unmatched_a_extra
199,47,,,unmatched_a_extra
199,50,,,unmatched_a_extra
200,22,17,9.3,matched
200,9,4,24.4,matched
200,5,20,21.4,matched
200,38,34,255.5,rejected_too_far
200,37,,,unmatched_a_extra
200,47,,,unmatched_a_extra
200,50,,,unmatched_a_extra
201,22,17,15.7,matched
201,9,4,24.7,matched
201,5,20,22.7,matched
201,37,,,unmatched_a_extra
201,47,,,unmatched_a_extra
201,50,,,unmatched_a_extra
201,38,,,unmatched_a_extra
202,22,17,17.1,matched
202,9,4,24.4,matched
202,5,20,21.0,matched
202,37,,,unmatched_a_extra
202,47,,,unmatched_a_extra
202,50,,,unmatched_a_extra
202,38,,,unmatched_a_extra
203,22,17,9.6,matched
203,9,4,21.3,matched
203,5,20,22.2,matched
203,37,,,unmatched_a_extra
203,47,,,unmatched_a_extra
203,50,,,unmatched_a_extra
203,38,,,unmatched_a_extra
204,22,17,3.9,matched
204,9,4,23.0,matched
204,5,20,23.8,matched
204,37,,,unmatched_a_extra
204,47,,,unmatched_a_extra
204,50,,,unmatched_a_extra
204,38,,,unmatched_a_extra
205,22,17,2.8,matched
205,9,4,23.6,matched
205,5,20,23.2,matched
205,37,,,unmatched_a_extra
205,47,,,unmatched_a_extra
205,50,,,unmatched_a_extra
205,38,,,unmatched_a_extra
206,22,17,5.2,matched
206,9,4,21.6,matched
206,5,20,25.1,matched
206,37,,,unmatched_a_extra
206,47,,,unmatched_a_extra
206,50,,,unmatched_a_extra
206,38,,,unmatched_a_extra
207,22,17,6.6,matched
207,9,4,21.7,matched
207,5,20,24.3,matched
207,37,,,unmatched_a_extra
207,47,,,unmatched_a_extra
207,50,,,unmatched_a_extra
207,38,,,unmatched_a_extra
208,22,17,4.3,matched
208,9,4,20.1,matched
208,5,20,21.1,matched
208,37,,,unmatched_a_extra
208,47,,,unmatched_a_extra
208,50,,,unmatched_a_extra
208,38,,,unmatched_a_extra
209,22,17,16.4,matched
209,9,4,18.8,matched
209,5,20,20.2,matched
209,37,,,unmatched_a_extra
209,47,,,unmatched_a_extra
209,50,,,unmatched_a_extra
209,38,,,unmatched_a_extra
210,9,4,18.5,matched
210,5,20,22.1,matched
210,50,17,664.6,rejected_too_far
210,37,,,unmatched_a_extra
210,38,,,unmatched_a_extra
211,9,4,18.4,matched
211,5,20,20.7,matched
211,60,17,594.2,rejected_too_far
211,37,,,unmatched_a_extra
211,50,,,unmatched_a_extra
211,38,,,unmatched_a_extra
212,9,4,21.7,matched
212,5,20,18.5,matched
212,50,17,679.7,rejected_too_far
212,37,,,unmatched_a_extra
212,38,,,unmatched_a_extra
213,9,4,21.0,matched
213,5,20,22.1,matched
213,50,17,688.7,rejected_too_far
213,37,,,unmatched_a_extra
213,38,,,unmatched_a_extra
214,9,4,19.6,matched
214,5,20,20.7,matched
214,22,17,26.2,matched
214,37,,,unmatched_a_extra
214,50,,,unmatched_a_extra
214,38,,,unmatched_a_extra
215,5,20,17.9,matched
215,22,17,19.7,matched
215,37,,,unmatched_a_extra
215,9,,,unmatched_a_extra
215,50,,,unmatched_a_extra
215,38,,,unmatched_a_extra
216,5,20,16.7,matched
216,22,17,21.6,matched
216,37,,,unmatched_a_extra
216,9,,,unmatched_a_extra
216,50,,,unmatched_a_extra
216,38,,,unmatched_a_extra
217,5,20,16.8,matched
217,22,17,24.4,matched
217,37,,,unmatched_a_extra
217,9,,,unmatched_a_extra
217,50,,,unmatched_a_extra
217,38,,,unmatched_a_extra
218,22,17,25.1,matched
218,37,,,unmatched_a_extra
218,9,,,unmatched_a_extra
218,5,,,unmatched_a_extra
218,50,,,unmatched_a_extra
218,38,,,unmatched_a_extra
219,22,17,22.5,matched
219,37,,,unmatched_a_extra
219,9,,,unmatched_a_extra
219,5,,,unmatched_a_extra
219,50,,,unmatched_a_extra
219,38,,,unmatched_a_extra
219,64,,,unmatched_a_extra
220,5,4,10.5,matched
220,22,17,19.4,matched
220,37,,,unmatched_a_extra
220,9,,,unmatched_a_extra
220,50,,,unmatched_a_extra
220,38,,,unmatched_a_extra
220,64,,,unmatched_a_extra
221,5,4,9.9,matched
221,22,17,23.8,matched
221,9,,,unmatched_a_extra
221,50,,,unmatched_a_extra
221,38,,,unmatched_a_extra
221,64,,,unmatched_a_extra
222,9,4,21.5,matched
222,5,20,18.4,matched
222,22,17,40.0,matched
222,50,,,unmatched_a_extra
222,38,,,unmatched_a_extra
222,64,,,unmatched_a_extra
223,9,4,21.5,matched
223,5,20,16.5,matched
223,22,17,47.3,matched
223,50,,,unmatched_a_extra
223,38,,,unmatched_a_extra
223,64,,,unmatched_a_extra
224,9,4,19.2,matched
224,5,20,19.2,matched
224,22,17,40.8,matched
224,50,,,unmatched_a_extra
224,38,,,unmatched_a_extra
224,64,,,unmatched_a_extra
225,9,4,16.6,matched
225,5,20,21.2,matched
225,22,17,70.7,matched
225,50,,,unmatched_a_extra
225,38,,,unmatched_a_extra
225,64,,,unmatched_a_extra
226,9,4,14.7,matched
226,5,20,18.6,matched
226,22,17,81.5,matched
226,50,,,unmatched_a_extra
226,38,,,unmatched_a_extra
226,64,,,unmatched_a_extra
227,9,4,16.8,matched
227,5,20,18.1,matched
227,22,17,99.3,matched
227,50,,,unmatched_a_extra
227,38,,,unmatched_a_extra
227,64,,,unmatched_a_extra
228,9,4,20.3,matched
228,5,20,19.7,matched
228,22,17,98.5,matched
228,50,,,unmatched_a_extra
228,38,,,unmatched_a_extra
228,64,,,unmatched_a_extra
228,68,,,unmatched_a_extra
229,9,4,23.2,matched
229,5,20,18.7,matched
229,22,17,125.8,matched
229,50,,,unmatched_a_extra
229,38,,,unmatched_a_extra
229,64,,,unmatched_a_extra
229,68,,,unmatched_a_extra
230,9,4,22.2,matched
230,5,20,18.7,matched
230,22,17,178.5,rejected_too_far
230,64,42,426.7,rejected_too_far
230,68,43,147.1,matched
230,50,,,unmatched_a_extra
230,38,,,unmatched_a_extra
231,9,4,19.4,matched
231,5,20,16.4,matched
231,22,17,215.4,rejected_too_far
231,64,43,73.4,matched
231,50,,,unmatched_a_extra
231,38,,,unmatched_a_extra
231,68,,,unmatched_a_extra
232,9,4,17.2,matched
232,5,20,16.6,matched
232,64,43,72.9,matched
232,50,,,unmatched_a_extra
232,38,,,unmatched_a_extra
232,22,,,unmatched_a_extra
232,68,,,unmatched_a_extra
233,9,4,16.5,matched
233,5,20,15.4,matched
233,64,43,69.4,matched
233,50,,,unmatched_a_extra
233,38,,,unmatched_a_extra
233,22,,,unmatched_a_extra
233,68,,,unmatched_a_extra
234,9,4,16.1,matched
234,5,20,14.1,matched
234,64,43,63.7,matched
234,50,,,unmatched_a_extra
234,38,,,unmatched_a_extra
234,22,,,unmatched_a_extra
234,68,,,unmatched_a_extra
235,9,4,17.2,matched
235,5,20,17.9,matched
235,64,43,69.1,matched
235,50,,,unmatched_a_extra
235,38,,,unmatched_a_extra
235,22,,,unmatched_a_extra
235,68,,,unmatched_a_extra
236,9,4,14.1,matched
236,5,20,14.7,matched
236,64,43,60.7,matched
236,50,,,unmatched_a_extra
236,38,,,unmatched_a_extra
236,22,,,unmatched_a_extra
236,68,,,unmatched_a_extra
237,9,4,10.4,matched
237,5,20,13.4,matched
237,64,43,53.8,matched
237,50,,,unmatched_a_extra
237,38,,,unmatched_a_extra
237,22,,,unmatched_a_extra
237,68,,,unmatched_a_extra
238,9,4,7.6,matched
238,5,20,13.6,matched
238,64,43,45.4,matched
238,50,,,unmatched_a_extra
238,38,,,unmatched_a_extra
238,22,,,unmatched_a_extra
238,68,,,unmatched_a_extra
239,9,4,5.7,matched
239,5,20,14.5,matched
239,64,43,40.5,matched
239,50,,,unmatched_a_extra
239,38,,,unmatched_a_extra
239,22,,,unmatched_a_extra
239,68,,,unmatched_a_extra
240,9,4,7.6,matched
240,5,20,14.7,matched
240,64,43,34.3,matched
240,50,,,unmatched_a_extra
240,38,,,unmatched_a_extra
240,22,,,unmatched_a_extra
240,68,,,unmatched_a_extra
241,9,4,10.5,matched
241,5,20,15.5,matched
241,64,43,30.9,matched
241,50,,,unmatched_a_extra
241,38,,,unmatched_a_extra
241,22,,,unmatched_a_extra
241,68,,,unmatched_a_extra
242,9,4,10.0,matched
242,5,20,15.9,matched
242,64,43,27.4,matched
242,50,,,unmatched_a_extra
242,38,,,unmatched_a_extra
242,22,,,unmatched_a_extra
242,68,,,unmatched_a_extra
243,9,4,9.4,matched
243,5,20,15.0,matched
243,64,43,29.5,matched
243,50,,,unmatched_a_extra
243,38,,,unmatched_a_extra
243,22,,,unmatched_a_extra
243,68,,,unmatched_a_extra
244,9,4,8.2,matched
244,5,20,14.7,matched
244,64,43,19.9,matched
244,50,,,unmatched_a_extra
244,38,,,unmatched_a_extra
244,22,,,unmatched_a_extra
244,68,,,unmatched_a_extra
245,9,4,8.7,matched
245,5,20,13.9,matched
245,64,43,25.6,matched
245,50,,,unmatched_a_extra
245,38,,,unmatched_a_extra
245,22,,,unmatched_a_extra
245,68,,,unmatched_a_extra
246,9,4,7.9,matched
246,5,20,12.5,matched
246,64,43,21.8,matched
246,50,,,unmatched_a_extra
246,38,,,unmatched_a_extra
246,22,,,unmatched_a_extra
246,68,,,unmatched_a_extra
247,9,4,10.0,matched
247,5,20,10.6,matched
247,64,43,15.9,matched
247,50,,,unmatched_a_extra
247,38,,,unmatched_a_extra
247,22,,,unmatched_a_extra
247,68,,,unmatched_a_extra
248,9,4,8.2,matched
248,5,20,11.1,matched
248,64,43,10.4,matched
248,50,,,unmatched_a_extra
248,38,,,unmatched_a_extra
248,22,,,unmatched_a_extra
248,68,,,unmatched_a_extra
249,9,4,11.7,matched
249,5,20,12.1,matched
249,64,43,8.8,matched
249,50,,,unmatched_a_extra
249,38,,,unmatched_a_extra
249,22,,,unmatched_a_extra
249,68,,,unmatched_a_extra
250,9,4,8.8,matched
250,5,20,9.8,matched
250,64,43,4.6,matched
250,50,,,unmatched_a_extra
250,38,,,unmatched_a_extra
250,22,,,unmatched_a_extra
250,68,,,unmatched_a_extra
251,9,4,8.0,matched
251,5,20,9.2,matched
251,64,43,3.8,matched
251,50,,,unmatched_a_extra
251,38,,,unmatched_a_extra
251,22,,,unmatched_a_extra
251,68,,,unmatched_a_extra
252,9,4,17.0,matched
252,5,20,9.4,matched
252,50,47,7.5,matched
252,64,43,4.3,matched
252,38,,,unmatched_a_extra
252,22,,,unmatched_a_extra
252,68,,,unmatched_a_extra
253,9,4,16.9,matched
253,5,20,10.0,matched
253,50,47,4.1,matched
253,64,43,6.8,matched
253,38,,,unmatched_a_extra
253,22,,,unmatched_a_extra
253,68,,,unmatched_a_extra
254,9,4,17.3,matched
254,5,20,11.0,matched
254,50,47,4.0,matched
254,64,43,3.9,matched
254,38,,,unmatched_a_extra
254,22,,,unmatched_a_extra
254,68,,,unmatched_a_extra
255,9,4,18.8,matched
255,5,20,12.5,matched
255,50,47,9.4,matched
255,64,43,9.5,matched
255,38,,,unmatched_a_extra
255,22,,,unmatched_a_extra
255,68,,,unmatched_a_extra
256,9,4,18.0,matched
256,5,20,12.0,matched
256,50,47,16.9,matched
256,64,43,10.2,matched
256,38,,,unmatched_a_extra
256,22,,,unmatched_a_extra
256,68,,,unmatched_a_extra
257,9,4,11.5,matched
257,5,20,11.1,matched
257,50,47,19.3,matched
257,64,43,7.2,matched
257,38,,,unmatched_a_extra
257,22,,,unmatched_a_extra
257,68,,,unmatched_a_extra
258,9,4,8.7,matched
258,5,20,17.7,matched
258,50,47,35.2,matched
258,64,43,10.8,matched
258,38,,,unmatched_a_extra
258,22,,,unmatched_a_extra
258,68,,,unmatched_a_extra
259,9,4,6.9,matched
259,5,20,17.6,matched
259,50,47,39.2,matched
259,64,43,19.3,matched
259,38,,,unmatched_a_extra
259,22,,,unmatched_a_extra
259,68,,,unmatched_a_extra
260,9,4,8.6,matched
260,5,20,18.9,matched
260,50,47,36.2,matched
260,64,43,11.6,matched
260,38,,,unmatched_a_extra
260,22,,,unmatched_a_extra
260,68,,,unmatched_a_extra
261,9,4,7.1,matched
261,5,20,14.9,matched
261,50,47,44.7,matched
261,64,43,7.0,matched
261,38,,,unmatched_a_extra
261,22,,,unmatched_a_extra
261,68,,,unmatched_a_extra
262,9,4,10.7,matched
262,5,20,8.5,matched
262,50,47,31.2,matched
262,64,43,8.1,matched
262,38,,,unmatched_a_extra
262,22,,,unmatched_a_extra
262,68,,,unmatched_a_extra
263,9,4,15.6,matched
263,5,20,12.6,matched
263,50,47,36.6,matched
263,64,43,12.3,matched
263,38,,,unmatched_a_extra
263,22,,,unmatched_a_extra
263,68,,,unmatched_a_extra
264,9,4,14.6,matched
264,5,20,12.2,matched
264,50,47,40.8,matched
264,64,43,13.3,matched
264,38,,,unmatched_a_extra
264,22,,,unmatched_a_extra
264,68,,,unmatched_a_extra
265,9,4,13.7,matched
265,5,20,12.9,matched
265,50,47,51.6,matched
265,64,43,16.1,matched
265,38,,,unmatched_a_extra
265,22,,,unmatched_a_extra
265,68,,,unmatched_a_extra
266,9,4,12.6,matched
266,5,20,16.8,matched
266,50,47,43.9,matched
266,64,43,12.2,matched
266,38,,,unmatched_a_extra
266,22,,,unmatched_a_extra
266,68,,,unmatched_a_extra
267,5,20,14.2,matched
267,50,47,47.4,matched
267,64,43,10.7,matched
267,9,,,unmatched_a_extra
267,38,,,unmatched_a_extra
267,22,,,unmatched_a_extra
267,68,,,unmatched_a_extra
268,5,20,11.6,matched
268,50,47,53.2,matched
268,64,43,5.2,matched
268,9,,,unmatched_a_extra
268,38,,,unmatched_a_extra
268,22,,,unmatched_a_extra
268,68,,,unmatched_a_extra
269,9,4,6.8,matched
269,50,47,59.0,matched
269,64,43,11.5,matched
269,5,,,unmatched_a_extra
269,38,,,unmatched_a_extra
269,22,,,unmatched_a_extra
269,68,,,unmatched_a_extra
270,9,4,22.8,matched
270,5,43,65.8,matched
270,50,47,53.9,matched
270,38,,,unmatched_a_extra
270,22,,,unmatched_a_extra
270,68,,,unmatched_a_extra
271,9,4,9.8,matched
271,5,43,74.0,matched
271,50,47,55.1,matched
271,38,,,unmatched_a_extra
271,22,,,unmatched_a_extra
271,68,,,unmatched_a_extra
272,9,4,3.9,matched
272,5,43,85.4,matched
272,50,47,57.1,matched
272,38,,,unmatched_a_extra
272,22,,,unmatched_a_extra
272,68,,,unmatched_a_extra
273,9,4,0.5,matched
273,5,20,11.4,matched
273,50,47,62.4,matched
273,64,43,18.3,matched
273,38,,,unmatched_a_extra
273,22,,,unmatched_a_extra
273,68,,,unmatched_a_extra
274,9,4,0.2,matched
274,5,20,12.3,matched
274,50,47,61.8,matched
274,64,43,26.5,matched
274,38,,,unmatched_a_extra
274,22,,,unmatched_a_extra
274,68,,,unmatched_a_extra
275,9,4,4.0,matched
275,5,20,11.7,matched
275,50,47,67.4,matched
275,38,,,unmatched_a_extra
275,22,,,unmatched_a_extra
275,68,,,unmatched_a_extra
275,64,,,unmatched_a_extra
276,9,4,5.6,matched
276,5,20,10.6,matched
276,50,47,71.8,matched
276,38,,,unmatched_a_extra
276,22,,,unmatched_a_extra
276,68,,,unmatched_a_extra
276,64,,,unmatched_a_extra
277,9,4,6.8,matched
277,5,20,12.0,matched
277,50,47,76.7,matched
277,38,,,unmatched_a_extra
277,22,,,unmatched_a_extra
277,68,,,unmatched_a_extra
277,64,,,unmatched_a_extra
278,9,4,4.6,matched
278,5,20,19.2,matched
278,64,47,81.5,matched
278,50,,,unmatched_a_extra
278,38,,,unmatched_a_extra
278,22,,,unmatched_a_extra
278,68,,,unmatched_a_extra
279,9,4,2.1,matched
279,5,20,17.2,matched
279,64,47,78.2,matched
279,50,,,unmatched_a_extra
279,38,,,unmatched_a_extra
279,22,,,unmatched_a_extra
279,68,,,unmatched_a_extra
280,9,4,1.0,matched
280,5,20,11.2,matched
280,64,47,85.7,matched
280,50,,,unmatched_a_extra
280,38,,,unmatched_a_extra
280,22,,,unmatched_a_extra
280,68,,,unmatched_a_extra
281,9,4,3.0,matched
281,5,20,3.9,matched
281,68,52,33.7,matched
281,64,47,86.9,matched
281,50,,,unmatched_a_extra
281,38,,,unmatched_a_extra
281,22,,,unmatched_a_extra
282,9,4,1.2,matched
282,5,20,4.9,matched
282,68,52,35.5,matched
282,64,47,98.0,matched
282,50,,,unmatched_a_extra
282,38,,,unmatched_a_extra
282,22,,,unmatched_a_extra
283,9,4,2.2,matched
283,5,20,5.7,matched
283,68,52,40.7,matched
283,64,47,108.2,matched
283,50,,,unmatched_a_extra
283,38,,,unmatched_a_extra
283,22,,,unmatched_a_extra
284,9,4,2.3,matched
284,5,20,5.2,matched
284,68,52,52.0,matched
284,64,47,117.6,matched
284,50,,,unmatched_a_extra
284,38,,,unmatched_a_extra
284,22,,,unmatched_a_extra
285,9,4,3.7,matched
285,5,20,11.0,matched
285,68,52,48.7,matched
285,64,47,150.1,rejected_too_far
285,50,,,unmatched_a_extra
285,38,,,unmatched_a_extra
285,22,,,unmatched_a_extra
286,9,4,2.9,matched
286,5,20,7.8,matched
286,68,52,46.9,matched
286,64,47,180.7,rejected_too_far
286,50,,,unmatched_a_extra
286,38,,,unmatched_a_extra
286,22,,,unmatched_a_extra
287,9,4,5.4,matched
287,5,20,7.0,matched
287,68,52,44.5,matched
287,64,47,201.4,rejected_too_far
287,50,,,unmatched_a_extra
287,38,,,unmatched_a_extra
287,22,,,unmatched_a_extra
288,9,4,7.0,matched
288,5,20,13.3,matched
288,50,47,237.2,rejected_too_far
288,68,52,36.1,matched
288,22,,,unmatched_a_extra
288,64,,,unmatched_a_extra
289,9,4,5.9,matched
289,5,20,13.7,matched
289,50,47,251.6,rejected_too_far
289,68,52,22.7,matched
289,22,,,unmatched_a_extra
289,64,,,unmatched_a_extra
290,9,4,1.8,matched
290,5,20,10.1,matched
290,50,47,262.2,rejected_too_far
290,68,52,5.6,matched
290,22,,,unmatched_a_extra
290,64,,,unmatched_a_extra
291,9,4,2.4,matched
291,5,20,1.8,matched
291,50,47,274.3,rejected_too_far
291,68,52,3.7,matched
291,22,,,unmatched_a_extra
291,64,,,unmatched_a_extra
292,9,4,2.1,matched
292,5,20,1.0,matched
292,50,47,276.6,rejected_too_far
292,68,52,1.9,matched
292,22,,,unmatched_a_extra
292,64,,,unmatched_a_extra
293,9,4,2.1,matched
293,5,20,1.9,matched
293,68,52,9.3,matched
293,50,,,unmatched_a_extra
293,22,,,unmatched_a_extra
293,64,,,unmatched_a_extra
294,9,4,1.9,matched
294,5,20,4.2,matched
294,68,52,15.2,matched
294,64,53,360.1,rejected_too_far
294,22,,,unmatched_a_extra
295,9,4,3.1,matched
295,5,20,3.4,matched
295,68,52,3.4,matched
295,22,,,unmatched_a_extra
295,64,,,unmatched_a_extra
296,9,4,5.6,matched
296,5,20,1.3,matched
296,68,52,4.6,matched
296,22,,,unmatched_a_extra
296,64,,,unmatched_a_extra
296,50,,,unmatched_a_extra
297,9,4,11.1,matched
297,5,20,5.3,matched
297,68,52,5.9,matched
297,22,,,unmatched_a_extra
297,64,,,unmatched_a_extra
297,50,,,unmatched_a_extra
298,9,4,11.5,matched
298,5,20,6.9,matched
298,68,52,13.9,matched
298,22,,,unmatched_a_extra
298,64,,,unmatched_a_extra
298,50,,,unmatched_a_extra
299,9,4,9.2,matched
299,5,20,7.0,matched
299,68,52,14.1,matched
299,22,,,unmatched_a_extra
299,64,,,unmatched_a_extra
299,50,,,unmatched_a_extra
300,9,4,6.3,matched
300,5,20,10.9,matched
300,68,52,25.8,matched
300,50,55,234.1,rejected_too_far
300,22,,,unmatched_a_extra
300,64,,,unmatched_a_extra
301,9,4,12.0,matched
301,5,20,4.7,matched
301,68,52,34.5,matched
301,50,55,240.3,rejected_too_far
301,22,,,unmatched_a_extra
301,64,,,unmatched_a_extra
302,9,4,16.0,matched
302,5,20,2.2,matched
302,68,52,32.5,matched
302,50,55,219.8,rejected_too_far
302,22,,,unmatched_a_extra
302,64,,,unmatched_a_extra
303,5,20,1.9,matched
303,68,52,23.2,matched
303,50,55,200.9,rejected_too_far
303,9,,,unmatched_a_extra
303,22,,,unmatched_a_extra
303,64,,,unmatched_a_extra
304,9,4,36.5,matched
304,68,52,26.0,matched
304,50,55,189.0,rejected_too_far
304,5,,,unmatched_a_extra
304,22,,,unmatched_a_extra
305,9,4,27.0,matched
305,68,52,30.0,matched
305,50,55,153.6,rejected_too_far
305,5,,,unmatched_a_extra
305,22,,,unmatched_a_extra
306,9,4,9.6,matched
306,68,52,29.6,matched
306,50,55,134.4,matched
306,5,,,unmatched_a_extra
306,22,,,unmatched_a_extra
306,64,,,unmatched_a_extra
307,9,4,14.4,matched
307,68,52,28.6,matched
307,50,55,123.5,matched
307,5,,,unmatched_a_extra
307,22,,,unmatched_a_extra
307,64,,,unmatched_a_extra
308,9,4,12.3,matched
308,68,52,31.4,matched
308,50,55,113.4,matched
308,5,,,unmatched_a_extra
308,22,,,unmatched_a_extra
308,64,,,unmatched_a_extra
309,9,4,10.5,matched
309,68,52,41.2,matched
309,50,55,93.0,matched
309,5,,,unmatched_a_extra
309,22,,,unmatched_a_extra
309,64,,,unmatched_a_extra
310,9,57,28.6,matched
310,5,4,4.9,matched
310,68,52,51.2,matched
310,50,55,83.7,matched
310,22,,,unmatched_a_extra
310,64,,,unmatched_a_extra
311,9,57,24.8,matched
311,5,4,10.4,matched
311,22,53,365.8,rejected_too_far
311,68,52,54.4,matched
311,50,55,85.3,matched
311,64,,,unmatched_a_extra
312,9,57,16.9,matched
312,22,53,323.0,rejected_too_far
312,68,52,63.3,matched
312,50,55,70.0,matched
312,5,,,unmatched_a_extra
312,64,,,unmatched_a_extra
313,9,57,15.9,matched
313,5,55,385.8,rejected_too_far
313,68,52,68.8,matched
313,50,53,58.9,matched
313,22,,,unmatched_a_extra
313,64,,,unmatched_a_extra
314,9,57,13.7,matched
314,5,55,386.6,rejected_too_far
314,68,52,63.1,matched
314,50,53,60.8,matched
314,22,,,unmatched_a_extra
314,64,,,unmatched_a_extra
315,9,57,13.2,matched
315,22,53,315.2,rejected_too_far
315,68,52,74.2,matched
315,50,55,47.9,matched
315,5,,,unmatched_a_extra
315,64,,,unmatched_a_extra
316,9,57,18.5,matched
316,22,53,188.4,rejected_too_far
316,68,52,76.0,matched
316,50,55,128.4,matched
316,5,,,unmatched_a_extra
316,64,,,unmatched_a_extra
317,9,57,28.2,matched
317,5,55,370.8,rejected_too_far
317,22,53,129.7,matched
317,68,52,76.8,matched
317,64,,,unmatched_a_extra
318,9,57,31.8,matched
318,5,55,366.6,rejected_too_far
318,22,53,118.5,matched
318,68,52,77.6,matched
318,64,,,unmatched_a_extra
319,9,57,28.2,matched
319,22,53,107.1,matched
319,68,52,79.5,matched
319,5,,,unmatched_a_extra
319,64,,,unmatched_a_extra
320,9,57,26.8,matched
320,22,53,79.0,matched
320,68,52,81.4,matched
320,5,,,unmatched_a_extra
320,64,,,unmatched_a_extra
320,50,,,unmatched_a_extra
321,9,57,34.2,matched
321,22,53,66.7,matched
321,68,52,81.4,matched
321,5,,,unmatched_a_extra
321,64,,,unmatched_a_extra
321,50,,,unmatched_a_extra
322,9,57,42.3,matched
322,22,53,59.5,matched
322,68,52,78.7,matched
322,5,,,unmatched_a_extra
322,64,,,unmatched_a_extra
322,50,,,unmatched_a_extra
323,9,57,39.8,matched
323,22,53,56.6,matched
323,68,52,76.8,matched
323,50,55,19.8,matched
323,5,,,unmatched_a_extra
323,64,,,unmatched_a_extra
324,9,57,34.1,matched
324,22,53,49.3,matched
324,68,52,74.6,matched
324,50,55,16.9,matched
324,5,,,unmatched_a_extra
324,64,,,unmatched_a_extra
325,9,57,34.6,matched
325,22,53,53.1,matched
325,68,52,63.6,matched
325,50,55,8.2,matched
325,5,,,unmatched_a_extra
325,64,,,unmatched_a_extra
326,9,57,39.2,matched
326,22,53,34.0,matched
326,68,52,51.7,matched
326,50,55,3.8,matched
326,5,,,unmatched_a_extra
326,64,,,unmatched_a_extra
327,9,57,54.2,matched
327,22,53,34.4,matched
327,68,52,47.6,matched
327,50,55,5.3,matched
327,5,,,unmatched_a_extra
327,64,,,unmatched_a_extra
328,9,57,57.2,matched
328,22,53,38.4,matched
328,68,52,52.6,matched
328,50,55,5.4,matched
328,5,,,unmatched_a_extra
328,64,,,unmatched_a_extra
329,9,57,52.9,matched
329,22,53,18.9,matched
329,68,52,41.1,matched
329,50,55,4.0,matched
329,5,,,unmatched_a_extra
329,64,,,unmatched_a_extra
330,9,57,52.4,matched
330,22,53,15.3,matched
330,68,52,35.5,matched
330,50,55,3.7,matched
330,5,,,unmatched_a_extra
330,64,,,unmatched_a_extra
331,9,57,52.1,matched
331,22,53,14.7,matched
331,68,52,32.0,matched
331,64,62,273.4,rejected_too_far
331,50,55,4.7,matched
331,5,,,unmatched_a_extra
332,9,57,55.7,matched
332,22,53,13.5,matched
332,68,52,30.4,matched
332,64,62,239.2,rejected_too_far
332,50,55,6.2,matched
332,5,,,unmatched_a_extra
333,9,57,64.3,matched
333,22,53,12.3,matched
333,68,52,23.1,matched
333,64,62,209.8,rejected_too_far
333,50,55,3.9,matched
333,5,,,unmatched_a_extra
334,9,57,74.4,matched
334,22,53,10.5,matched
334,68,52,21.0,matched
334,64,62,197.1,rejected_too_far
334,50,55,5.3,matched
334,5,,,unmatched_a_extra
335,5,57,72.6,matched
335,22,53,6.8,matched
335,68,52,15.9,matched
335,64,62,161.9,rejected_too_far
335,50,55,7.4,matched
335,9,,,unmatched_a_extra
336,5,57,73.5,matched
336,22,53,8.7,matched
336,68,52,13.3,matched
336,64,62,138.9,matched
336,50,55,9.9,matched
336,9,,,unmatched_a_extra
337,5,57,82.0,matched
337,22,53,25.2,matched
337,68,52,13.9,matched
337,64,62,138.5,matched
337,50,55,2.2,matched
337,9,,,unmatched_a_extra
338,9,53,236.4,rejected_too_far
338,5,57,75.1,matched
338,68,52,8.2,matched
338,64,62,109.8,matched
338,50,55,6.4,matched
339,9,53,229.3,rejected_too_far
339,5,57,70.3,matched
339,68,52,9.9,matched
339,64,62,103.7,matched
339,50,55,13.3,matched
340,9,53,228.1,rejected_too_far
340,5,57,69.3,matched
340,68,52,10.8,matched
340,64,62,81.8,matched
340,50,55,13.8,matched
341,9,53,222.2,rejected_too_far
341,5,57,63.1,matched
341,68,52,3.3,matched
341,64,62,70.9,matched
341,50,55,4.2,matched
342,68,52,14.0,matched
342,64,62,69.7,matched
342,50,55,2.1,matched
342,22,53,2.4,matched
342,9,,,unmatched_a_extra
342,5,,,unmatched_a_extra
343,68,52,21.0,matched
343,64,62,74.5,matched
343,50,55,3.1,matched
343,22,53,11.4,matched
343,9,,,unmatched_a_extra
343,5,,,unmatched_a_extra
344,9,53,196.0,rejected_too_far
344,68,52,16.5,matched
344,64,62,64.2,matched
344,22,55,137.3,matched
344,5,,,unmatched_a_extra
345,9,53,194.1,rejected_too_far
345,68,52,18.9,matched
345,64,62,63.0,matched
345,22,55,147.3,matched
345,5,,,unmatched_a_extra
346,9,53,188.7,rejected_too_far
346,68,52,31.8,matched
346,64,62,67.3,matched
346,22,55,152.6,rejected_too_far
346,5,,,unmatched_a_extra
347,68,52,39.8,matched
347,64,62,55.6,matched
347,22,53,15.2,matched
347,78,55,10.7,matched
347,9,,,unmatched_a_extra
347,5,,,unmatched_a_extra
348,68,52,36.1,matched
348,64,62,50.7,matched
348,22,53,16.2,matched
348,78,55,27.3,matched
348,9,,,unmatched_a_extra
348,5,,,unmatched_a_extra
349,68,52,31.4,matched
349,64,62,50.7,matched
349,22,53,16.4,matched
349,78,55,59.8,matched
349,9,,,unmatched_a_extra
349,5,,,unmatched_a_extra
350,9,53,163.9,rejected_too_far
350,68,52,31.7,matched
350,64,62,65.7,matched
350,22,55,192.1,rejected_too_far
350,5,,,unmatched_a_extra
351,68,53,152.2,rejected_too_far
351,64,62,53.7,matched
351,22,55,196.3,rejected_too_far
351,9,,,unmatched_a_extra
351,5,,,unmatched_a_extra
352,64,62,30.8,matched
352,22,53,26.1,matched
352,9,,,unmatched_a_extra
352,5,,,unmatched_a_extra
352,68,,,unmatched_a_extra
353,9,53,144.3,matched
353,64,66,52.0,matched
353,22,62,211.7,rejected_too_far
353,5,,,unmatched_a_extra
353,68,,,unmatched_a_extra
354,9,53,138.5,matched
354,68,62,359.5,rejected_too_far
354,22,66,250.8,rejected_too_far
354,5,,,unmatched_a_extra
355,9,66,425.6,rejected_too_far
355,5,53,136.7,matched
355,22,62,197.6,rejected_too_far
356,9,53,127.1,matched
356,22,62,199.8,rejected_too_far
356,81,66,17.1,matched
356,5,,,unmatched_a_extra
356,68,,,unmatched_a_extra
357,5,53,127.0,matched
357,22,62,203.3,rejected_too_far
357,81,66,18.3,matched
357,9,,,unmatched_a_extra
357,68,,,unmatched_a_extra
358,22,53,37.1,matched
358,81,66,20.5,matched
358,64,62,73.3,matched
358,9,,,unmatched_a_extra
358,5,,,unmatched_a_extra
358,68,,,unmatched_a_extra
359,22,53,37.2,matched
359,81,66,22.9,matched
359,64,62,30.2,matched
359,9,,,unmatched_a_extra
359,5,,,unmatched_a_extra
359,68,,,unmatched_a_extra
360,22,53,42.7,matched
360,81,66,18.8,matched
360,64,62,22.1,matched
360,9,,,unmatched_a_extra
360,5,,,unmatched_a_extra
360,68,,,unmatched_a_extra
361,22,53,48.1,matched
361,81,66,21.5,matched
361,64,62,6.9,matched
361,9,,,unmatched_a_extra
361,5,,,unmatched_a_extra
361,68,,,unmatched_a_extra
362,22,53,60.6,matched
362,81,66,24.5,matched
362,64,62,3.3,matched
362,9,,,unmatched_a_extra
362,5,,,unmatched_a_extra
362,68,,,unmatched_a_extra
363,22,53,62.4,matched
363,81,66,24.3,matched
363,64,62,4.2,matched
363,9,,,unmatched_a_extra
363,5,,,unmatched_a_extra
363,68,,,unmatched_a_extra
364,22,53,59.0,matched
364,81,66,39.3,matched
364,64,62,7.4,matched
364,9,,,unmatched_a_extra
364,5,,,unmatched_a_extra
364,68,,,unmatched_a_extra
365,22,53,64.2,matched
365,81,66,43.0,matched
365,64,62,2.6,matched
365,5,,,unmatched_a_extra
365,68,,,unmatched_a_extra
366,22,53,73.9,matched
366,81,66,51.0,matched
366,64,62,3.2,matched
366,5,,,unmatched_a_extra
366,68,,,unmatched_a_extra
367,22,53,74.1,matched
367,81,66,53.0,matched
367,64,62,2.3,matched
367,5,,,unmatched_a_extra
367,68,,,unmatched_a_extra
368,22,53,72.1,matched
368,81,66,57.4,matched
368,64,62,3.4,matched
368,5,,,unmatched_a_extra
368,68,,,unmatched_a_extra
369,22,53,70.3,matched
369,81,66,64.2,matched
369,64,62,4.6,matched
369,5,,,unmatched_a_extra
369,68,,,unmatched_a_extra
370,22,53,76.0,matched
370,81,66,71.8,matched
370,64,62,3.3,matched
370,5,,,unmatched_a_extra
370,68,,,unmatched_a_extra
371,5,53,72.7,matched
371,81,66,73.5,matched
371,64,62,3.2,matched
371,22,,,unmatched_a_extra
371,68,,,unmatched_a_extra
372,5,53,68.3,matched
372,81,66,61.0,matched
372,64,62,5.8,matched
372,22,,,unmatched_a_extra
372,68,,,unmatched_a_extra
373,5,53,70.6,matched
373,81,66,74.7,matched
373,64,62,4.3,matched
373,22,,,unmatched_a_extra
373,68,,,unmatched_a_extra
374,22,53,75.1,matched
374,81,66,81.1,matched
374,64,62,1.3,matched
374,68,,,unmatched_a_extra
375,81,66,81.6,matched
375,64,62,2.8,matched
375,22,,,unmatched_a_extra
375,68,,,unmatched_a_extra
376,81,66,89.0,matched
376,64,62,6.0,matched
376,22,,,unmatched_a_extra
376,68,,,unmatched_a_extra
377,81,66,112.1,matched
377,64,62,6.2,matched
377,22,,,unmatched_a_extra
377,68,,,unmatched_a_extra
378,81,66,121.3,matched
378,64,62,4.4,matched
378,22,,,unmatched_a_extra
378,68,,,unmatched_a_extra
379,81,66,113.3,matched
379,64,62,2.2,matched
379,22,,,unmatched_a_extra
379,68,,,unmatched_a_extra
380,81,66,108.1,matched
380,64,62,8.4,matched
380,22,,,unmatched_a_extra
380,68,,,unmatched_a_extra
381,81,66,114.2,matched
381,64,62,5.9,matched
381,22,,,unmatched_a_extra
381,68,,,unmatched_a_extra
382,81,66,155.3,rejected_too_far
382,64,62,8.7,matched
382,22,,,unmatched_a_extra
382,68,,,unmatched_a_extra
383,81,66,146.9,matched
383,64,62,6.1,matched
383,22,,,unmatched_a_extra
383,68,,,unmatched_a_extra
384,81,66,149.2,matched
384,64,62,9.4,matched
384,22,,,unmatched_a_extra
384,68,,,unmatched_a_extra
385,81,66,153.4,rejected_too_far
385,64,62,9.6,matched
385,22,,,unmatched_a_extra
385,68,,,unmatched_a_extra
386,81,66,153.3,rejected_too_far
386,64,62,4.8,matched
386,22,,,unmatched_a_extra
386,68,,,unmatched_a_extra
387,81,66,164.8,rejected_too_far
387,64,62,5.5,matched
387,22,,,unmatched_a_extra
387,68,,,unmatched_a_extra
388,81,66,136.9,matched
388,64,62,10.8,matched
388,22,,,unmatched_a_extra
388,68,,,unmatched_a_extra
389,81,66,131.2,matched
389,64,62,11.3,matched
389,22,,,unmatched_a_extra
389,68,,,unmatched_a_extra
390,81,66,126.0,matched
390,64,62,7.9,matched
390,22,,,unmatched_a_extra
390,68,,,unmatched_a_extra
391,81,66,108.2,matched
391,64,62,7.9,matched
391,22,,,unmatched_a_extra
391,68,,,unmatched_a_extra
392,81,66,83.5,matched
392,64,62,8.1,matched
392,22,,,unmatched_a_extra
392,68,,,unmatched_a_extra
393,81,66,74.4,matched
393,64,62,8.6,matched
393,22,,,unmatched_a_extra
393,68,,,unmatched_a_extra
394,81,66,73.5,matched
394,64,62,8.5,matched
394,22,,,unmatched_a_extra
394,68,,,unmatched_a_extra
395,81,66,69.1,matched
395,68,,,unmatched_a_extra
395,64,,,unmatched_a_extra
396,81,66,64.1,matched
396,64,62,31.0,matched
396,68,,,unmatched_a_extra
397,81,66,60.2,matched
397,64,62,15.9,matched
397,68,,,unmatched_a_extra
398,81,66,56.9,matched
398,64,62,8.2,matched
398,68,,,unmatched_a_extra
399,81,66,56.0,matched
399,64,62,8.4,matched
399,68,,,unmatched_a_extra
400,81,66,49.5,matched
400,64,62,10.0,matched
400,68,,,unmatched_a_extra
401,81,66,47.2,matched
401,64,62,8.9,matched
401,68,,,unmatched_a_extra
402,81,66,44.5,matched
402,64,62,5.6,matched
402,68,,,unmatched_a_extra
403,81,66,41.5,matched
403,64,62,4.5,matched
403,68,,,unmatched_a_extra
404,81,66,33.5,matched
404,,62,,unmatched_b_extra
405,81,66,29.0,matched
405,88,62,3.9,matched
406,81,66,30.2,matched
406,88,62,7.4,matched
407,81,66,28.6,matched
407,88,62,8.5,matched
408,81,66,27.8,matched
408,88,62,7.8,matched
409,81,66,28.1,matched
409,88,62,8.6,matched
410,81,66,29.6,matched
410,88,62,7.7,matched
411,81,66,30.2,matched
411,88,62,8.2,matched
412,81,66,31.5,matched
412,88,62,9.5,matched
413,81,66,32.8,matched
413,88,62,9.4,matched
414,81,66,33.3,matched
414,88,62,11.3,matched
415,81,66,32.4,matched
415,88,62,8.4,matched
416,81,66,31.9,matched
416,88,62,7.7,matched
417,81,66,31.8,matched
417,88,62,10.9,matched
418,81,66,30.1,matched
418,88,62,8.9,matched
419,81,66,29.8,matched
419,88,62,5.7,matched
420,81,66,28.8,matched
420,88,62,2.1,matched
421,81,66,28.9,matched
421,88,62,2.7,matched
421,89,,,unmatched_a_extra
422,81,66,29.4,matched
422,88,62,2.8,matched
422,89,,,unmatched_a_extra
423,81,66,27.4,matched
423,88,62,3.2,matched
423,89,,,unmatched_a_extra
424,81,66,27.6,matched
424,88,62,1.0,matched
424,89,,,unmatched_a_extra
425,81,66,28.2,matched
425,88,62,1.4,matched
425,89,,,unmatched_a_extra
426,81,66,27.2,matched
426,88,62,4.4,matched
426,89,,,unmatched_a_extra
427,81,66,27.2,matched
427,88,62,2.7,matched
427,89,,,unmatched_a_extra
428,81,66,29.6,matched
428,88,62,2.0,matched
428,89,,,unmatched_a_extra
429,81,66,29.4,matched
429,88,62,0.3,matched
429,89,,,unmatched_a_extra
430,81,66,29.7,matched
430,88,62,3.7,matched
430,89,,,unmatched_a_extra
431,81,66,30.2,matched
431,88,62,7.9,matched
431,89,,,unmatched_a_extra
432,81,66,32.1,matched
432,88,62,9.5,matched
432,89,,,unmatched_a_extra
433,81,66,31.8,matched
433,88,62,6.9,matched
433,89,,,unmatched_a_extra
434,81,66,35.6,matched
434,88,62,8.2,matched
434,89,,,unmatched_a_extra
435,81,66,34.6,matched
435,88,62,5.7,matched
435,89,,,unmatched_a_extra
436,81,66,36.0,matched
436,88,62,12.1,matched
436,89,,,unmatched_a_extra
437,81,66,36.4,matched
437,88,62,1.9,matched
437,89,,,unmatched_a_extra
438,81,66,43.0,matched
438,88,62,2.5,matched
438,89,,,unmatched_a_extra
439,81,66,40.5,matched
439,88,62,2.9,matched
439,89,,,unmatched_a_extra
440,81,66,44.5,matched
440,88,62,4.2,matched
440,89,,,unmatched_a_extra
441,81,66,45.2,matched
441,88,62,1.1,matched
441,89,,,unmatched_a_extra
442,81,66,44.9,matched
442,88,62,2.7,matched
442,89,,,unmatched_a_extra
443,81,66,37.9,matched
443,88,62,8.5,matched
443,89,,,unmatched_a_extra
444,81,66,30.6,matched
444,88,62,1.9,matched
444,89,,,unmatched_a_extra
445,81,66,25.4,matched
445,88,62,7.7,matched
445,89,,,unmatched_a_extra
446,81,66,22.0,matched
446,88,62,4.9,matched
446,89,,,unmatched_a_extra
447,81,66,20.8,matched
447,88,62,4.9,matched
447,89,,,unmatched_a_extra
448,81,66,22.8,matched
448,88,62,35.9,matched
448,89,,,unmatched_a_extra
449,81,66,24.5,matched
449,88,62,50.7,matched
449,89,,,unmatched_a_extra
450,81,66,20.5,matched
450,88,62,66.9,matched
450,89,,,unmatched_a_extra
451,81,66,17.8,matched
451,88,62,77.1,matched
451,89,,,unmatched_a_extra
452,81,66,13.9,matched
452,88,62,82.0,matched
452,89,,,unmatched_a_extra
453,81,66,16.7,matched
453,88,62,83.8,matched
453,89,,,unmatched_a_extra
454,81,66,17.0,matched
454,88,,,unmatched_a_extra
454,89,,,unmatched_a_extra
455,81,66,15.8,matched
455,88,,,unmatched_a_extra
455,89,,,unmatched_a_extra
456,81,66,11.1,matched
456,88,,,unmatched_a_extra
456,89,,,unmatched_a_extra
457,81,66,9.1,matched
457,88,,,unmatched_a_extra
457,89,,,unmatched_a_extra
458,81,66,16.8,matched
458,88,,,unmatched_a_extra
458,89,,,unmatched_a_extra
459,81,66,27.1,matched
459,88,,,unmatched_a_extra
459,89,,,unmatched_a_extra
460,81,66,19.0,matched
460,89,,,unmatched_a_extra
461,81,66,24.2,matched
461,89,,,unmatched_a_extra
462,81,66,31.9,matched
462,89,,,unmatched_a_extra
462,92,,,unmatched_a_extra
462,88,,,unmatched_a_extra
463,81,66,22.3,matched
463,89,72,25.7,matched
463,92,,,unmatched_a_extra
463,88,,,unmatched_a_extra
464,81,66,16.7,matched
464,89,73,51.9,matched
464,92,,,unmatched_a_extra
464,88,,,unmatched_a_extra
465,81,66,16.2,matched
465,89,73,64.7,matched
465,92,,,unmatched_a_extra
465,88,,,unmatched_a_extra
466,81,66,30.3,matched
466,89,73,70.6,matched
466,92,,,unmatched_a_extra
466,88,,,unmatched_a_extra
467,81,66,36.5,matched
467,89,73,67.8,matched
467,92,,,unmatched_a_extra
467,88,,,unmatched_a_extra
468,81,66,44.1,matched
468,88,73,69.7,matched
468,89,,,unmatched_a_extra
468,92,,,unmatched_a_extra
469,81,66,50.1,matched
469,89,,,unmatched_a_extra
469,92,,,unmatched_a_extra
469,88,,,unmatched_a_extra
470,81,66,54.2,matched
470,88,72,33.6,matched
470,89,,,unmatched_a_extra
470,92,,,unmatched_a_extra
471,81,72,14.9,matched
471,88,73,67.5,matched
471,89,,,unmatched_a_extra
471,92,,,unmatched_a_extra
472,89,72,41.8,matched
472,88,73,68.3,matched
472,92,,,unmatched_a_extra
473,89,72,47.0,matched
473,88,73,65.4,matched
473,92,,,unmatched_a_extra
474,89,72,16.0,matched
474,92,,,unmatched_a_extra
474,88,,,unmatched_a_extra
474,81,,,unmatched_a_extra
475,81,72,84.8,matched
475,92,,,unmatched_a_extra
475,88,,,unmatched_a_extra
476,81,72,115.2,matched
476,92,,,unmatched_a_extra
476,88,,,unmatched_a_extra
477,81,72,137.8,matched
477,92,,,unmatched_a_extra
477,88,,,unmatched_a_extra
478,81,72,150.7,rejected_too_far
478,92,,,unmatched_a_extra
478,88,,,unmatched_a_extra
479,81,72,173.5,rejected_too_far
479,92,,,unmatched_a_extra
479,88,,,unmatched_a_extra
480,89,72,21.0,matched
480,92,,,unmatched_a_extra
480,88,,,unmatched_a_extra
480,81,,,unmatched_a_extra
481,89,72,10.8,matched
481,92,,,unmatched_a_extra
481,88,,,unmatched_a_extra
481,81,,,unmatched_a_extra
482,89,72,21.1,matched
482,92,,,unmatched_a_extra
482,88,,,unmatched_a_extra
482,81,,,unmatched_a_extra
483,89,72,28.2,matched
483,92,,,unmatched_a_extra
483,81,,,unmatched_a_extra
484,89,72,22.4,matched
484,92,,,unmatched_a_extra
484,81,,,unmatched_a_extra
485,89,72,12.5,matched
485,92,,,unmatched_a_extra
485,81,,,unmatched_a_extra
486,89,72,7.0,matched
486,92,,,unmatched_a_extra
486,81,,,unmatched_a_extra
486,88,,,unmatched_a_extra
487,89,72,19.1,matched
487,92,,,unmatched_a_extra
487,81,,,unmatched_a_extra
487,88,,,unmatched_a_extra
488,89,72,17.2,matched
488,92,,,unmatched_a_extra
488,81,,,unmatched_a_extra
488,88,,,unmatched_a_extra
489,89,72,11.8,matched
489,92,,,unmatched_a_extra
489,81,,,unmatched_a_extra
489,88,,,unmatched_a_extra
490,89,72,15.0,matched
490,92,,,unmatched_a_extra
490,81,,,unmatched_a_extra
490,88,,,unmatched_a_extra
491,89,72,29.2,matched
491,92,,,unmatched_a_extra
491,81,,,unmatched_a_extra
491,88,,,unmatched_a_extra
492,89,72,32.1,matched
492,92,,,unmatched_a_extra
492,81,,,unmatched_a_extra
492,88,,,unmatched_a_extra
493,89,72,29.7,matched
493,92,,,unmatched_a_extra
493,81,,,unmatched_a_extra
493,88,,,unmatched_a_extra
494,89,72,22.5,matched
494,92,,,unmatched_a_extra
494,81,,,unmatched_a_extra
494,88,,,unmatched_a_extra
495,89,72,25.2,matched
495,92,,,unmatched_a_extra
495,81,,,unmatched_a_extra
495,88,,,unmatched_a_extra
496,89,72,41.7,matched
496,92,,,unmatched_a_extra
496,81,,,unmatched_a_extra
496,88,,,unmatched_a_extra
497,89,72,45.7,matched
497,81,,,unmatched_a_extra
497,88,,,unmatched_a_extra
498,89,72,49.8,matched
498,81,,,unmatched_a_extra
498,88,,,unmatched_a_extra
499,89,72,59.4,matched
499,81,,,unmatched_a_extra
499,88,,,unmatched_a_extra
500,89,72,68.3,matched
500,81,,,unmatched_a_extra
500,88,,,unmatched_a_extra
500,92,,,unmatched_a_extra
501,89,72,78.2,matched
501,81,,,unmatched_a_extra
501,88,,,unmatched_a_extra
501,92,,,unmatched_a_extra
502,89,72,72.9,matched
502,81,,,unmatched_a_extra
502,88,,,unmatched_a_extra
502,92,,,unmatched_a_extra
502,97,,,unmatched_a_extra
503,89,72,75.1,matched
503,81,,,unmatched_a_extra
503,88,,,unmatched_a_extra
503,92,,,unmatched_a_extra
503,97,,,unmatched_a_extra
504,89,72,86.2,matched
504,81,,,unmatched_a_extra
504,88,,,unmatched_a_extra
504,92,,,unmatched_a_extra
504,97,,,unmatched_a_extra
504,98,,,unmatched_a_extra
505,89,72,104.6,matched
505,81,,,unmatched_a_extra
505,92,,,unmatched_a_extra
505,97,,,unmatched_a_extra
505,98,,,unmatched_a_extra
506,89,72,115.1,matched
506,81,,,unmatched_a_extra
506,92,,,unmatched_a_extra
506,97,,,unmatched_a_extra
506,98,,,unmatched_a_extra
507,89,72,114.5,matched
507,81,,,unmatched_a_extra
507,92,,,unmatched_a_extra
507,97,,,unmatched_a_extra
507,88,,,unmatched_a_extra
508,89,72,124.2,matched
508,81,,,unmatched_a_extra
508,92,,,unmatched_a_extra
508,97,,,unmatched_a_extra
508,102,,,unmatched_a_extra
508,88,,,unmatched_a_extra
509,89,72,163.6,rejected_too_far
509,81,,,unmatched_a_extra
509,92,,,unmatched_a_extra
509,97,,,unmatched_a_extra
509,102,,,unmatched_a_extra
509,88,,,unmatched_a_extra
510,89,72,195.8,rejected_too_far
510,81,,,unmatched_a_extra
510,92,,,unmatched_a_extra
510,97,,,unmatched_a_extra
510,102,,,unmatched_a_extra
510,88,,,unmatched_a_extra
511,89,72,197.5,rejected_too_far
511,81,,,unmatched_a_extra
511,92,,,unmatched_a_extra
511,97,,,unmatched_a_extra
511,102,,,unmatched_a_extra
511,88,,,unmatched_a_extra
511,107,,,unmatched_a_extra
512,89,72,198.5,rejected_too_far
512,81,,,unmatched_a_extra
512,92,,,unmatched_a_extra
512,97,,,unmatched_a_extra
512,102,,,unmatched_a_extra
512,88,,,unmatched_a_extra
513,89,72,201.5,rejected_too_far
513,81,,,unmatched_a_extra
513,92,,,unmatched_a_extra
513,97,,,unmatched_a_extra
513,102,,,unmatched_a_extra
513,88,,,unmatched_a_extra
514,89,72,272.0,rejected_too_far
514,81,,,unmatched_a_extra
514,92,,,unmatched_a_extra
514,97,,,unmatched_a_extra
514,102,,,unmatched_a_extra
514,88,,,unmatched_a_extra
515,89,72,301.5,rejected_too_far
515,81,,,unmatched_a_extra
515,92,,,unmatched_a_extra
515,97,,,unmatched_a_extra
515,102,,,unmatched_a_extra
515,88,,,unmatched_a_extra
516,89,72,315.9,rejected_too_far
516,81,,,unmatched_a_extra
516,92,,,unmatched_a_extra
516,97,,,unmatched_a_extra
516,102,,,unmatched_a_extra
516,88,,,unmatched_a_extra
517,89,72,356.0,rejected_too_far
517,81,,,unmatched_a_extra
517,92,,,unmatched_a_extra
517,97,,,unmatched_a_extra
517,102,,,unmatched_a_extra
517,88,,,unmatched_a_extra
518,89,72,427.6,rejected_too_far
518,81,,,unmatched_a_extra
518,92,,,unmatched_a_extra
518,97,,,unmatched_a_extra
518,102,,,unmatched_a_extra
518,88,,,unmatched_a_extra
519,89,72,476.2,rejected_too_far
519,92,77,71.5,matched
519,81,,,unmatched_a_extra
519,97,,,unmatched_a_extra
519,102,,,unmatched_a_extra
519,88,,,unmatched_a_extra
520,92,77,80.7,matched
520,81,,,unmatched_a_extra
520,89,,,unmatched_a_extra
520,97,,,unmatched_a_extra
520,102,,,unmatched_a_extra
520,88,,,unmatched_a_extra
521,92,77,75.5,matched
521,81,,,unmatched_a_extra
521,89,,,unmatched_a_extra
521,97,,,unmatched_a_extra
521,102,,,unmatched_a_extra
521,88,,,unmatched_a_extra
522,92,77,58.3,matched
522,89,,,unmatched_a_extra
522,97,,,unmatched_a_extra
522,102,,,unmatched_a_extra
522,88,,,unmatched_a_extra
523,97,77,60.3,matched
523,89,,,unmatched_a_extra
523,92,,,unmatched_a_extra
523,102,,,unmatched_a_extra
523,88,,,unmatched_a_extra
524,97,77,63.9,matched
524,88,78,96.9,matched
524,89,,,unmatched_a_extra
524,92,,,unmatched_a_extra
524,102,,,unmatched_a_extra
525,97,77,69.2,matched
525,88,78,99.2,matched
525,89,,,unmatched_a_extra
525,92,,,unmatched_a_extra
525,102,,,unmatched_a_extra
526,92,77,59.6,matched
526,88,78,100.4,matched
526,89,,,unmatched_a_extra
526,97,,,unmatched_a_extra
526,102,,,unmatched_a_extra
527,92,77,45.9,matched
527,88,78,109.1,matched
527,89,,,unmatched_a_extra
527,97,,,unmatched_a_extra
527,102,,,unmatched_a_extra
527,113,,,unmatched_a_extra
528,92,77,50.4,matched
528,97,78,97.7,matched
528,89,,,unmatched_a_extra
528,102,,,unmatched_a_extra
528,88,,,unmatched_a_extra
529,92,77,50.9,matched
529,97,78,91.4,matched
529,89,,,unmatched_a_extra
529,102,,,unmatched_a_extra
529,88,,,unmatched_a_extra
530,92,77,46.2,matched
530,97,78,88.6,matched
530,89,,,unmatched_a_extra
530,102,,,unmatched_a_extra
530,88,,,unmatched_a_extra
531,92,77,31.9,matched
531,97,78,78.4,matched
531,89,,,unmatched_a_extra
531,102,,,unmatched_a_extra
531,88,,,unmatched_a_extra
531,115,,,unmatched_a_extra
532,92,77,21.4,matched
532,97,78,67.1,matched
532,89,,,unmatched_a_extra
532,102,,,unmatched_a_extra
532,88,,,unmatched_a_extra
532,115,,,unmatched_a_extra
533,92,77,20.7,matched
533,97,78,55.8,matched
533,89,,,unmatched_a_extra
533,102,,,unmatched_a_extra
533,88,,,unmatched_a_extra
533,115,,,unmatched_a_extra
534,92,77,25.9,matched
534,97,78,60.1,matched
534,89,,,unmatched_a_extra
534,102,,,unmatched_a_extra
534,88,,,unmatched_a_extra
534,115,,,unmatched_a_extra
535,92,77,31.5,matched
535,97,78,55.0,matched
535,89,,,unmatched_a_extra
535,102,,,unmatched_a_extra
535,88,,,unmatched_a_extra
535,115,,,unmatched_a_extra
536,92,77,19.1,matched
536,97,78,46.2,matched
536,89,,,unmatched_a_extra
536,102,,,unmatched_a_extra
536,88,,,unmatched_a_extra
536,115,,,unmatched_a_extra
537,92,77,5.1,matched
537,97,78,34.7,matched
537,89,,,unmatched_a_extra
537,102,,,unmatched_a_extra
537,88,,,unmatched_a_extra
537,115,,,unmatched_a_extra
538,92,77,20.1,matched
538,97,78,42.5,matched
538,89,,,unmatched_a_extra
538,102,,,unmatched_a_extra
538,88,,,unmatched_a_extra
538,115,,,unmatched_a_extra
539,92,77,24.2,matched
539,97,78,49.7,matched
539,89,,,unmatched_a_extra
539,102,,,unmatched_a_extra
539,88,,,unmatched_a_extra
539,115,,,unmatched_a_extra
540,92,77,11.2,matched
540,97,78,48.7,matched
540,89,,,unmatched_a_extra
540,102,,,unmatched_a_extra
540,88,,,unmatched_a_extra
540,115,,,unmatched_a_extra
541,92,77,9.9,matched
541,97,78,40.8,matched
541,89,,,unmatched_a_extra
541,102,,,unmatched_a_extra
541,88,,,unmatched_a_extra
541,115,,,unmatched_a_extra
542,92,77,4.0,matched
542,97,78,32.2,matched
542,89,,,unmatched_a_extra
542,102,,,unmatched_a_extra
542,88,,,unmatched_a_extra
542,115,,,unmatched_a_extra
543,92,77,3.6,matched
543,97,78,31.2,matched
543,89,,,unmatched_a_extra
543,102,,,unmatched_a_extra
543,88,,,unmatched_a_extra
543,115,,,unmatched_a_extra
544,97,77,90.8,matched
544,88,78,370.8,rejected_too_far
544,89,,,unmatched_a_extra
544,102,,,unmatched_a_extra
544,115,,,unmatched_a_extra
545,97,77,96.4,matched
545,88,78,389.5,rejected_too_far
545,89,,,unmatched_a_extra
545,102,,,unmatched_a_extra
545,115,,,unmatched_a_extra
546,97,77,107.3,matched
546,88,78,405.9,rejected_too_far
546,89,,,unmatched_a_extra
546,102,,,unmatched_a_extra
546,115,,,unmatched_a_extra
547,97,77,121.1,matched
547,88,78,424.5,rejected_too_far
547,89,,,unmatched_a_extra
547,102,,,unmatched_a_extra
547,115,,,unmatched_a_extra
548,97,77,115.9,matched
548,88,78,437.1,rejected_too_far
548,89,,,unmatched_a_extra
548,102,,,unmatched_a_extra
548,115,,,unmatched_a_extra
549,97,77,116.7,matched
549,88,78,449.5,rejected_too_far
549,89,,,unmatched_a_extra
549,102,,,unmatched_a_extra
549,115,,,unmatched_a_extra
550,97,77,127.2,matched
550,88,78,456.9,rejected_too_far
550,89,,,unmatched_a_extra
550,102,,,unmatched_a_extra
550,115,,,unmatched_a_extra
551,97,77,139.0,matched
551,88,78,467.3,rejected_too_far
551,89,,,unmatched_a_extra
551,102,,,unmatched_a_extra
551,115,,,unmatched_a_extra
552,97,78,3.6,matched
552,88,77,615.3,rejected_too_far
552,89,,,unmatched_a_extra
552,102,,,unmatched_a_extra
552,115,,,unmatched_a_extra
553,97,77,145.3,matched
553,88,78,479.4,rejected_too_far
553,89,,,unmatched_a_extra
553,102,,,unmatched_a_extra
553,115,,,unmatched_a_extra
554,97,78,6.9,matched
554,92,77,52.0,matched
554,89,,,unmatched_a_extra
554,102,,,unmatched_a_extra
554,88,,,unmatched_a_extra
554,115,,,unmatched_a_extra
555,97,78,0.8,matched
555,92,77,42.9,matched
555,89,,,unmatched_a_extra
555,102,,,unmatched_a_extra
555,88,,,unmatched_a_extra
555,115,,,unmatched_a_extra
556,97,78,4.5,matched
556,92,77,51.6,matched
556,89,,,unmatched_a_extra
556,102,,,unmatched_a_extra
556,88,,,unmatched_a_extra
556,115,,,unmatched_a_extra
557,97,78,4.7,matched
557,92,77,36.4,matched
557,89,,,unmatched_a_extra
557,102,,,unmatched_a_extra
557,88,,,unmatched_a_extra
557,115,,,unmatched_a_extra
558,97,78,3.8,matched
558,92,77,43.5,matched
558,89,,,unmatched_a_extra
558,102,,,unmatched_a_extra
558,88,,,unmatched_a_extra
558,115,,,unmatched_a_extra
559,97,78,3.7,matched
559,92,77,42.4,matched
559,89,,,unmatched_a_extra
559,102,,,unmatched_a_extra
559,88,,,unmatched_a_extra
559,115,,,unmatched_a_extra
560,97,78,1.6,matched
560,92,77,36.4,matched
560,89,,,unmatched_a_extra
560,102,,,unmatched_a_extra
560,88,,,unmatched_a_extra
560,115,,,unmatched_a_extra
561,97,78,1.1,matched
561,92,77,31.1,matched
561,89,,,unmatched_a_extra
561,102,,,unmatched_a_extra
561,88,,,unmatched_a_extra
561,115,,,unmatched_a_extra
562,97,78,4.6,matched
562,92,77,33.9,matched
562,89,,,unmatched_a_extra
562,102,,,unmatched_a_extra
562,88,,,unmatched_a_extra
562,115,,,unmatched_a_extra
563,97,78,3.5,matched
563,92,77,49.1,matched
563,89,,,unmatched_a_extra
563,102,,,unmatched_a_extra
563,88,,,unmatched_a_extra
563,115,,,unmatched_a_extra
564,97,78,0.5,matched
564,92,77,61.4,matched
564,89,,,unmatched_a_extra
564,88,,,unmatched_a_extra
564,115,,,unmatched_a_extra
565,97,78,0.8,matched
565,92,77,72.1,matched
565,89,,,unmatched_a_extra
565,88,,,unmatched_a_extra
565,115,,,unmatched_a_extra
565,102,,,unmatched_a_extra
566,97,78,0.8,matched
566,92,77,69.2,matched
566,89,,,unmatched_a_extra
566,88,,,unmatched_a_extra
566,115,,,unmatched_a_extra
566,102,,,unmatched_a_extra
567,97,78,1.0,matched
567,92,77,69.0,matched
567,89,,,unmatched_a_extra
567,88,,,unmatched_a_extra
567,115,,,unmatched_a_extra
567,102,,,unmatched_a_extra
568,97,78,1.7,matched
568,92,77,102.0,matched
568,89,,,unmatched_a_extra
568,88,,,unmatched_a_extra
568,115,,,unmatched_a_extra
568,102,,,unmatched_a_extra
569,97,78,1.0,matched
569,92,77,105.5,matched
569,89,,,unmatched_a_extra
569,88,,,unmatched_a_extra
569,115,,,unmatched_a_extra
569,102,,,unmatched_a_extra
570,97,78,2.0,matched
570,92,77,123.7,matched
570,89,,,unmatched_a_extra
570,88,,,unmatched_a_extra
570,115,,,unmatched_a_extra
570,102,,,unmatched_a_extra
570,118,,,unmatched_a_extra
571,97,78,1.8,matched
571,92,77,133.9,matched
571,89,,,unmatched_a_extra
571,88,,,unmatched_a_extra
571,115,,,unmatched_a_extra
571,102,,,unmatched_a_extra
571,118,,,unmatched_a_extra
572,97,78,2.9,matched
572,92,77,151.4,rejected_too_far
572,89,,,unmatched_a_extra
572,88,,,unmatched_a_extra
572,115,,,unmatched_a_extra
572,102,,,unmatched_a_extra
572,118,,,unmatched_a_extra
573,97,78,2.0,matched
573,89,,,unmatched_a_extra
573,88,,,unmatched_a_extra
573,115,,,unmatched_a_extra
573,92,,,unmatched_a_extra
573,102,,,unmatched_a_extra
573,118,,,unmatched_a_extra
574,97,78,5.6,matched
574,89,,,unmatched_a_extra
574,88,,,unmatched_a_extra
574,115,,,unmatched_a_extra
574,92,,,unmatched_a_extra
574,102,,,unmatched_a_extra
574,118,,,unmatched_a_extra
575,97,78,8.4,matched
575,89,,,unmatched_a_extra
575,88,,,unmatched_a_extra
575,115,,,unmatched_a_extra
575,92,,,unmatched_a_extra
575,102,,,unmatched_a_extra
575,118,,,unmatched_a_extra
576,97,78,9.7,matched
576,89,,,unmatched_a_extra
576,88,,,unmatched_a_extra
576,115,,,unmatched_a_extra
576,92,,,unmatched_a_extra
576,102,,,unmatched_a_extra
576,118,,,unmatched_a_extra
577,97,78,7.4,matched
577,89,,,unmatched_a_extra
577,88,,,unmatched_a_extra
577,115,,,unmatched_a_extra
577,92,,,unmatched_a_extra
577,102,,,unmatched_a_extra
577,118,,,unmatched_a_extra
578,97,78,1.7,matched
578,89,,,unmatched_a_extra
578,88,,,unmatched_a_extra
578,115,,,unmatched_a_extra
578,92,,,unmatched_a_extra
578,102,,,unmatched_a_extra
578,118,,,unmatched_a_extra
579,97,78,1.6,matched
579,89,,,unmatched_a_extra
579,88,,,unmatched_a_extra
579,115,,,unmatched_a_extra
579,92,,,unmatched_a_extra
579,102,,,unmatched_a_extra
579,118,,,unmatched_a_extra
580,97,78,1.8,matched
580,88,,,unmatched_a_extra
580,115,,,unmatched_a_extra
580,92,,,unmatched_a_extra
580,102,,,unmatched_a_extra
580,118,,,unmatched_a_extra
581,97,78,5.2,matched
581,88,,,unmatched_a_extra
581,115,,,unmatched_a_extra
581,92,,,unmatched_a_extra
581,102,,,unmatched_a_extra
581,118,,,unmatched_a_extra
582,97,78,6.4,matched
582,88,,,unmatched_a_extra
582,115,,,unmatched_a_extra
582,92,,,unmatched_a_extra
582,102,,,unmatched_a_extra
582,118,,,unmatched_a_extra
583,97,78,11.2,matched
583,88,,,unmatched_a_extra
583,115,,,unmatched_a_extra
583,92,,,unmatched_a_extra
583,102,,,unmatched_a_extra
583,118,,,unmatched_a_extra
584,97,78,11.2,matched
584,88,,,unmatched_a_extra
584,115,,,unmatched_a_extra
584,92,,,unmatched_a_extra
584,102,,,unmatched_a_extra
584,118,,,unmatched_a_extra
585,97,78,15.5,matched
585,88,,,unmatched_a_extra
585,115,,,unmatched_a_extra
585,92,,,unmatched_a_extra
585,102,,,unmatched_a_extra
585,118,,,unmatched_a_extra
586,97,78,19.0,matched
586,88,,,unmatched_a_extra
586,115,,,unmatched_a_extra
586,92,,,unmatched_a_extra
586,102,,,unmatched_a_extra
586,118,,,unmatched_a_extra
587,97,78,26.2,matched
587,88,,,unmatched_a_extra
587,115,,,unmatched_a_extra
587,92,,,unmatched_a_extra
587,102,,,unmatched_a_extra
587,118,,,unmatched_a_extra
588,97,78,22.0,matched
588,88,,,unmatched_a_extra
588,115,,,unmatched_a_extra
588,92,,,unmatched_a_extra
588,102,,,unmatched_a_extra
588,118,,,unmatched_a_extra
589,97,78,40.0,matched
589,88,,,unmatched_a_extra
589,115,,,unmatched_a_extra
589,92,,,unmatched_a_extra
589,102,,,unmatched_a_extra
589,118,,,unmatched_a_extra
590,118,78,74.8,matched
590,88,,,unmatched_a_extra
590,115,,,unmatched_a_extra
590,92,,,unmatched_a_extra
590,102,,,unmatched_a_extra
591,97,78,10.9,matched
591,88,,,unmatched_a_extra
591,115,,,unmatched_a_extra
591,92,,,unmatched_a_extra
591,102,,,unmatched_a_extra
591,118,,,unmatched_a_extra
592,97,78,15.2,matched
592,88,,,unmatched_a_extra
592,115,,,unmatched_a_extra
592,92,,,unmatched_a_extra
592,102,,,unmatched_a_extra
592,118,,,unmatched_a_extra
593,118,78,22.2,matched
593,88,,,unmatched_a_extra
593,115,,,unmatched_a_extra
593,92,,,unmatched_a_extra
593,102,,,unmatched_a_extra
593,97,,,unmatched_a_extra
594,118,80,82.5,matched
594,97,78,41.9,matched
594,88,,,unmatched_a_extra
594,115,,,unmatched_a_extra
594,92,,,unmatched_a_extra
594,102,,,unmatched_a_extra
595,118,80,82.8,matched
595,97,78,48.7,matched
595,88,,,unmatched_a_extra
595,115,,,unmatched_a_extra
595,92,,,unmatched_a_extra
595,102,,,unmatched_a_extra
596,118,80,84.1,matched
596,97,78,51.0,matched
596,88,,,unmatched_a_extra
596,115,,,unmatched_a_extra
596,92,,,unmatched_a_extra
596,102,,,unmatched_a_extra
597,118,80,80.6,matched
597,97,78,58.0,matched
597,88,,,unmatched_a_extra
597,115,,,unmatched_a_extra
597,92,,,unmatched_a_extra
597,102,,,unmatched_a_extra
598,97,78,60.4,matched
598,88,,,unmatched_a_extra
598,115,,,unmatched_a_extra
598,92,,,unmatched_a_extra
598,102,,,unmatched_a_extra
598,118,,,unmatched_a_extra
599,97,78,51.8,matched
599,88,,,unmatched_a_extra
599,115,,,unmatched_a_extra
599,92,,,unmatched_a_extra
599,102,,,unmatched_a_extra
599,118,,,unmatched_a_extra
600,118,80,71.5,matched
600,97,78,66.9,matched
600,88,,,unmatched_a_extra
600,115,,,unmatched_a_extra
600,92,,,unmatched_a_extra
600,102,,,unmatched_a_extra
601,97,80,23.9,matched
601,88,,,unmatched_a_extra
601,115,,,unmatched_a_extra
601,92,,,unmatched_a_extra
601,102,,,unmatched_a_extra
601,118,,,unmatched_a_extra
602,97,80,26.7,matched
602,88,,,unmatched_a_extra
602,115,,,unmatched_a_extra
602,92,,,unmatched_a_extra
602,102,,,unmatched_a_extra
602,118,,,unmatched_a_extra
603,97,80,42.2,matched
603,88,,,unmatched_a_extra
603,115,,,unmatched_a_extra
603,92,,,unmatched_a_extra
603,102,,,unmatched_a_extra
603,118,,,unmatched_a_extra
604,97,80,53.8,matched
604,88,,,unmatched_a_extra
604,115,,,unmatched_a_extra
604,92,,,unmatched_a_extra
604,102,,,unmatched_a_extra
604,118,,,unmatched_a_extra
605,118,80,48.7,matched
605,88,,,unmatched_a_extra
605,115,,,unmatched_a_extra
605,92,,,unmatched_a_extra
605,102,,,unmatched_a_extra
605,97,,,unmatched_a_extra
606,118,80,44.2,matched
606,88,,,unmatched_a_extra
606,115,,,unmatched_a_extra
606,92,,,unmatched_a_extra
606,102,,,unmatched_a_extra
606,97,,,unmatched_a_extra
606,123,,,unmatched_a_extra
607,118,80,34.7,matched
607,88,,,unmatched_a_extra
607,115,,,unmatched_a_extra
607,92,,,unmatched_a_extra
607,102,,,unmatched_a_extra
607,97,,,unmatched_a_extra
607,123,,,unmatched_a_extra
608,118,80,43.1,matched
608,88,,,unmatched_a_extra
608,115,,,unmatched_a_extra
608,92,,,unmatched_a_extra
608,102,,,unmatched_a_extra
608,97,,,unmatched_a_extra
608,123,,,unmatched_a_extra
609,118,80,41.8,matched
609,88,,,unmatched_a_extra
609,115,,,unmatched_a_extra
609,92,,,unmatched_a_extra
609,102,,,unmatched_a_extra
609,97,,,unmatched_a_extra
609,123,,,unmatched_a_extra
610,118,80,34.9,matched
610,88,,,unmatched_a_extra
610,115,,,unmatched_a_extra
610,92,,,unmatched_a_extra
610,102,,,unmatched_a_extra
610,97,,,unmatched_a_extra
610,123,,,unmatched_a_extra
611,118,80,23.7,matched
611,88,,,unmatched_a_extra
611,115,,,unmatched_a_extra
611,92,,,unmatched_a_extra
611,102,,,unmatched_a_extra
611,97,,,unmatched_a_extra
611,123,,,unmatched_a_extra
612,118,80,30.7,matched
612,88,,,unmatched_a_extra
612,115,,,unmatched_a_extra
612,92,,,unmatched_a_extra
612,102,,,unmatched_a_extra
612,97,,,unmatched_a_extra
612,123,,,unmatched_a_extra
613,118,80,38.7,matched
613,88,,,unmatched_a_extra
613,115,,,unmatched_a_extra
613,92,,,unmatched_a_extra
613,102,,,unmatched_a_extra
613,97,,,unmatched_a_extra
613,123,,,unmatched_a_extra
614,118,80,35.4,matched
614,88,,,unmatched_a_extra
614,115,,,unmatched_a_extra
614,92,,,unmatched_a_extra
614,102,,,unmatched_a_extra
614,97,,,unmatched_a_extra
614,123,,,unmatched_a_extra
615,118,80,28.3,matched
615,88,,,unmatched_a_extra
615,115,,,unmatched_a_extra
615,92,,,unmatched_a_extra
615,102,,,unmatched_a_extra
615,97,,,unmatched_a_extra
615,123,,,unmatched_a_extra
616,118,80,21.0,matched
616,88,,,unmatched_a_extra
616,115,,,unmatched_a_extra
616,92,,,unmatched_a_extra
616,102,,,unmatched_a_extra
616,97,,,unmatched_a_extra
616,123,,,unmatched_a_extra
617,118,80,33.0,matched
617,88,,,unmatched_a_extra
617,115,,,unmatched_a_extra
617,92,,,unmatched_a_extra
617,102,,,unmatched_a_extra
617,123,,,unmatched_a_extra
618,118,80,38.8,matched
618,88,,,unmatched_a_extra
618,115,,,unmatched_a_extra
618,92,,,unmatched_a_extra
618,102,,,unmatched_a_extra
618,123,,,unmatched_a_extra
619,118,80,32.1,matched
619,88,,,unmatched_a_extra
619,115,,,unmatched_a_extra
619,92,,,unmatched_a_extra
619,102,,,unmatched_a_extra
619,123,,,unmatched_a_extra
620,118,80,17.8,matched
620,88,,,unmatched_a_extra
620,115,,,unmatched_a_extra
620,92,,,unmatched_a_extra
620,102,,,unmatched_a_extra
620,123,,,unmatched_a_extra
621,118,80,31.6,matched
621,88,,,unmatched_a_extra
621,115,,,unmatched_a_extra
621,92,,,unmatched_a_extra
621,102,,,unmatched_a_extra
621,123,,,unmatched_a_extra
622,118,80,32.4,matched
622,88,,,unmatched_a_extra
622,115,,,unmatched_a_extra
622,92,,,unmatched_a_extra
622,102,,,unmatched_a_extra
622,123,,,unmatched_a_extra
623,118,80,29.5,matched
623,88,,,unmatched_a_extra
623,115,,,unmatched_a_extra
623,92,,,unmatched_a_extra
623,102,,,unmatched_a_extra
623,123,,,unmatched_a_extra
624,118,80,24.1,matched
624,88,,,unmatched_a_extra
624,115,,,unmatched_a_extra
624,92,,,unmatched_a_extra
624,102,,,unmatched_a_extra
624,123,,,unmatched_a_extra
625,118,80,33.7,matched
625,88,,,unmatched_a_extra
625,115,,,unmatched_a_extra
625,92,,,unmatched_a_extra
625,102,,,unmatched_a_extra
625,123,,,unmatched_a_extra
626,118,80,178.8,rejected_too_far
626,88,,,unmatched_a_extra
626,115,,,unmatched_a_extra
626,92,,,unmatched_a_extra
626,102,,,unmatched_a_extra
626,123,,,unmatched_a_extra
627,118,80,254.4,rejected_too_far
627,88,,,unmatched_a_extra
627,115,,,unmatched_a_extra
627,92,,,unmatched_a_extra
627,102,,,unmatched_a_extra
627,123,,,unmatched_a_extra
628,102,80,416.6,rejected_too_far
628,88,,,unmatched_a_extra
628,115,,,unmatched_a_extra
628,92,,,unmatched_a_extra
628,123,,,unmatched_a_extra
629,102,80,436.0,rejected_too_far
629,88,,,unmatched_a_extra
629,115,,,unmatched_a_extra
629,92,,,unmatched_a_extra
629,123,,,unmatched_a_extra
630,102,80,441.4,rejected_too_far
630,88,,,unmatched_a_extra
630,115,,,unmatched_a_extra
630,92,,,unmatched_a_extra
630,123,,,unmatched_a_extra
631,102,80,436.4,rejected_too_far
631,88,,,unmatched_a_extra
631,115,,,unmatched_a_extra
631,92,,,unmatched_a_extra
631,123,,,unmatched_a_extra
632,118,80,305.3,rejected_too_far
632,88,,,unmatched_a_extra
632,115,,,unmatched_a_extra
632,92,,,unmatched_a_extra
632,102,,,unmatched_a_extra
632,123,,,unmatched_a_extra
633,118,80,185.8,rejected_too_far
633,88,,,unmatched_a_extra
633,115,,,unmatched_a_extra
633,92,,,unmatched_a_extra
633,102,,,unmatched_a_extra
633,123,,,unmatched_a_extra
634,118,80,107.5,matched
634,88,,,unmatched_a_extra
634,115,,,unmatched_a_extra
634,92,,,unmatched_a_extra
634,102,,,unmatched_a_extra
634,123,,,unmatched_a_extra
635,118,80,73.7,matched
635,88,,,unmatched_a_extra
635,115,,,unmatched_a_extra
635,92,,,unmatched_a_extra
635,102,,,unmatched_a_extra
635,123,,,unmatched_a_extra
636,118,80,70.8,matched
636,88,,,unmatched_a_extra
636,115,,,unmatched_a_extra
636,92,,,unmatched_a_extra
636,102,,,unmatched_a_extra
636,123,,,unmatched_a_extra
637,118,80,58.2,matched
637,88,,,unmatched_a_extra
637,115,,,unmatched_a_extra
637,92,,,unmatched_a_extra
637,102,,,unmatched_a_extra
637,123,,,unmatched_a_extra
638,118,80,61.0,matched
638,88,,,unmatched_a_extra
638,115,,,unmatched_a_extra
638,92,,,unmatched_a_extra
638,102,,,unmatched_a_extra
638,123,,,unmatched_a_extra
639,118,80,66.7,matched
639,88,,,unmatched_a_extra
639,115,,,unmatched_a_extra
639,92,,,unmatched_a_extra
639,102,,,unmatched_a_extra
639,123,,,unmatched_a_extra
640,118,80,80.1,matched
640,88,,,unmatched_a_extra
640,115,,,unmatched_a_extra
640,92,,,unmatched_a_extra
640,102,,,unmatched_a_extra
640,123,,,unmatched_a_extra
641,118,80,88.9,matched
641,88,,,unmatched_a_extra
641,115,,,unmatched_a_extra
641,92,,,unmatched_a_extra
641,102,,,unmatched_a_extra
641,123,,,unmatched_a_extra
642,118,80,89.8,matched
642,88,,,unmatched_a_extra
642,115,,,unmatched_a_extra
642,92,,,unmatched_a_extra
642,102,,,unmatched_a_extra
642,123,,,unmatched_a_extra
643,118,80,103.3,matched
643,88,,,unmatched_a_extra
643,115,,,unmatched_a_extra
643,92,,,unmatched_a_extra
643,102,,,unmatched_a_extra
643,123,,,unmatched_a_extra
644,88,86,42.2,matched
644,118,80,114.9,matched
644,115,,,unmatched_a_extra
644,92,,,unmatched_a_extra
644,102,,,unmatched_a_extra
644,123,,,unmatched_a_extra
645,88,86,44.2,matched
645,118,80,114.4,matched
645,115,,,unmatched_a_extra
645,92,,,unmatched_a_extra
645,102,,,unmatched_a_extra
645,123,,,unmatched_a_extra
646,88,86,44.4,matched
646,118,80,113.9,matched
646,115,,,unmatched_a_extra
646,92,,,unmatched_a_extra
646,102,,,unmatched_a_extra
646,123,,,unmatched_a_extra
647,88,86,46.3,matched
647,118,80,125.5,matched
647,115,,,unmatched_a_extra
647,92,,,unmatched_a_extra
647,102,,,unmatched_a_extra
647,123,,,unmatched_a_extra
648,88,86,50.9,matched
648,118,80,147.8,matched
648,115,,,unmatched_a_extra
648,92,,,unmatched_a_extra
648,102,,,unmatched_a_extra
648,123,,,unmatched_a_extra
649,88,86,52.6,matched
649,118,80,169.7,rejected_too_far
649,115,,,unmatched_a_extra
649,92,,,unmatched_a_extra
649,102,,,unmatched_a_extra
649,123,,,unmatched_a_extra
650,88,86,51.8,matched
650,118,80,171.4,rejected_too_far
650,115,,,unmatched_a_extra
650,92,,,unmatched_a_extra
650,102,,,unmatched_a_extra
650,123,,,unmatched_a_extra
651,88,86,50.9,matched
651,118,80,180.0,rejected_too_far
651,115,,,unmatched_a_extra
651,92,,,unmatched_a_extra
651,102,,,unmatched_a_extra
651,123,,,unmatched_a_extra
652,88,88,84.9,matched
652,102,86,79.1,matched
652,118,80,223.0,rejected_too_far
652,115,,,unmatched_a_extra
652,92,,,unmatched_a_extra
652,123,,,unmatched_a_extra
653,88,88,84.8,matched
653,102,86,70.3,matched
653,118,80,240.4,rejected_too_far
653,115,,,unmatched_a_extra
653,92,,,unmatched_a_extra
653,123,,,unmatched_a_extra
654,88,88,77.1,matched
654,102,86,63.0,matched
654,118,80,269.2,rejected_too_far
654,115,,,unmatched_a_extra
654,92,,,unmatched_a_extra
654,123,,,unmatched_a_extra
655,88,88,73.9,matched
655,102,86,57.5,matched
655,115,,,unmatched_a_extra
655,92,,,unmatched_a_extra
655,123,,,unmatched_a_extra
655,118,,,unmatched_a_extra
656,88,88,70.3,matched
656,102,86,61.3,matched
656,115,,,unmatched_a_extra
656,92,,,unmatched_a_extra
656,123,,,unmatched_a_extra
656,118,,,unmatched_a_extra
656,129,,,unmatched_a_extra
657,88,88,60.6,matched
657,102,86,60.9,matched
657,115,,,unmatched_a_extra
657,92,,,unmatched_a_extra
657,123,,,unmatched_a_extra
657,118,,,unmatched_a_extra
657,129,,,unmatched_a_extra
658,88,88,40.7,matched
658,102,86,51.1,matched
658,115,,,unmatched_a_extra
658,92,,,unmatched_a_extra
658,123,,,unmatched_a_extra
658,118,,,unmatched_a_extra
658,129,,,unmatched_a_extra
659,88,88,47.5,matched
659,102,86,44.4,matched
659,115,,,unmatched_a_extra
659,92,,,unmatched_a_extra
659,118,,,unmatched_a_extra
659,129,,,unmatched_a_extra
660,88,88,51.3,matched
660,102,86,42.9,matched
660,115,,,unmatched_a_extra
660,92,,,unmatched_a_extra
660,118,,,unmatched_a_extra
660,129,,,unmatched_a_extra
661,88,88,41.3,matched
661,102,86,37.1,matched
661,115,,,unmatched_a_extra
661,92,,,unmatched_a_extra
661,118,,,unmatched_a_extra
661,129,,,unmatched_a_extra
662,88,88,28.0,matched
662,102,86,35.3,matched
662,115,,,unmatched_a_extra
662,92,,,unmatched_a_extra
662,118,,,unmatched_a_extra
662,129,,,unmatched_a_extra
662,123,,,unmatched_a_extra
663,88,88,36.1,matched
663,102,86,35.9,matched
663,115,,,unmatched_a_extra
663,92,,,unmatched_a_extra
663,118,,,unmatched_a_extra
663,129,,,unmatched_a_extra
663,123,,,unmatched_a_extra
664,88,88,38.0,matched
664,102,86,25.6,matched
664,115,,,unmatched_a_extra
664,92,,,unmatched_a_extra
664,118,,,unmatched_a_extra
664,129,,,unmatched_a_extra
664,123,,,unmatched_a_extra
665,88,88,33.9,matched
665,102,86,31.4,matched
665,115,,,unmatched_a_extra
665,92,,,unmatched_a_extra
665,118,,,unmatched_a_extra
665,129,,,unmatched_a_extra
665,123,,,unmatched_a_extra
666,88,88,34.7,matched
666,102,86,28.4,matched
666,115,,,unmatched_a_extra
666,92,,,unmatched_a_extra
666,118,,,unmatched_a_extra
666,129,,,unmatched_a_extra
666,123,,,unmatched_a_extra
667,88,88,33.7,matched
667,102,86,26.1,matched
667,115,,,unmatched_a_extra
667,92,,,unmatched_a_extra
667,118,,,unmatched_a_extra
667,129,,,unmatched_a_extra
667,123,,,unmatched_a_extra
668,88,88,38.2,matched
668,115,,,unmatched_a_extra
668,92,,,unmatched_a_extra
668,102,,,unmatched_a_extra
668,118,,,unmatched_a_extra
668,129,,,unmatched_a_extra
668,123,,,unmatched_a_extra
669,88,88,23.8,matched
669,115,,,unmatched_a_extra
669,92,,,unmatched_a_extra
669,102,,,unmatched_a_extra
669,118,,,unmatched_a_extra
669,129,,,unmatched_a_extra
669,123,,,unmatched_a_extra
670,88,88,15.8,matched
670,102,86,16.6,matched
670,115,,,unmatched_a_extra
670,92,,,unmatched_a_extra
670,129,,,unmatched_a_extra
670,123,,,unmatched_a_extra
671,88,88,13.8,matched
671,102,86,16.5,matched
671,115,,,unmatched_a_extra
671,92,,,unmatched_a_extra
671,129,,,unmatched_a_extra
671,123,,,unmatched_a_extra
672,88,88,22.1,matched
672,115,,,unmatched_a_extra
672,92,,,unmatched_a_extra
672,102,,,unmatched_a_extra
672,129,,,unmatched_a_extra
672,123,,,unmatched_a_extra
673,88,88,25.6,matched
673,115,,,unmatched_a_extra
673,92,,,unmatched_a_extra
673,102,,,unmatched_a_extra
673,129,,,unmatched_a_extra
673,123,,,unmatched_a_extra
673,118,,,unmatched_a_extra
674,88,88,24.8,matched
674,102,86,13.0,matched
674,115,,,unmatched_a_extra
674,92,,,unmatched_a_extra
674,129,,,unmatched_a_extra
674,123,,,unmatched_a_extra
674,118,,,unmatched_a_extra
675,88,88,22.4,matched
675,102,86,7.6,matched
675,115,,,unmatched_a_extra
675,92,,,unmatched_a_extra
675,129,,,unmatched_a_extra
675,123,,,unmatched_a_extra
675,118,,,unmatched_a_extra
676,88,88,16.5,matched
676,102,86,10.2,matched
676,115,,,unmatched_a_extra
676,92,,,unmatched_a_extra
676,129,,,unmatched_a_extra
676,123,,,unmatched_a_extra
676,118,,,unmatched_a_extra
677,88,88,26.1,matched
677,102,86,15.8,matched
677,115,,,unmatched_a_extra
677,92,,,unmatched_a_extra
677,129,,,unmatched_a_extra
677,123,,,unmatched_a_extra
677,118,,,unmatched_a_extra
678,88,88,22.9,matched
678,102,86,16.6,matched
678,115,,,unmatched_a_extra
678,92,,,unmatched_a_extra
678,129,,,unmatched_a_extra
678,123,,,unmatched_a_extra
678,118,,,unmatched_a_extra
679,88,88,16.0,matched
679,102,86,13.4,matched
679,123,93,62.6,matched
679,115,,,unmatched_a_extra
679,92,,,unmatched_a_extra
679,129,,,unmatched_a_extra
679,118,,,unmatched_a_extra
680,88,88,18.6,matched
680,102,86,14.1,matched
680,123,93,57.4,matched
680,115,,,unmatched_a_extra
680,92,,,unmatched_a_extra
680,129,,,unmatched_a_extra
680,118,,,unmatched_a_extra
681,88,88,15.6,matched
681,102,86,18.2,matched
681,123,93,54.9,matched
681,115,,,unmatched_a_extra
681,92,,,unmatched_a_extra
681,129,,,unmatched_a_extra
681,118,,,unmatched_a_extra
682,88,88,11.1,matched
682,102,86,9.6,matched
682,123,93,34.9,matched
682,115,,,unmatched_a_extra
682,92,,,unmatched_a_extra
682,129,,,unmatched_a_extra
682,118,,,unmatched_a_extra
683,88,86,36.0,matched
683,129,88,407.8,rejected_too_far
683,123,93,22.1,matched
683,115,,,unmatched_a_extra
683,92,,,unmatched_a_extra
683,118,,,unmatched_a_extra
684,88,88,12.4,matched
684,123,93,44.6,matched
684,102,86,11.2,matched
684,115,,,unmatched_a_extra
684,92,,,unmatched_a_extra
684,129,,,unmatched_a_extra
684,118,,,unmatched_a_extra
685,88,88,12.7,matched
685,92,95,120.1,matched
685,123,93,83.8,matched
685,102,86,18.0,matched
685,115,,,unmatched_a_extra
685,129,,,unmatched_a_extra
685,118,,,unmatched_a_extra
686,88,86,49.1,matched
686,92,95,100.5,matched
686,129,88,382.0,rejected_too_far
686,102,93,191.9,rejected_too_far
686,115,,,unmatched_a_extra
686,118,,,unmatched_a_extra
687,88,88,5.8,matched
687,92,95,58.1,matched
687,102,86,30.3,matched
687,115,,,unmatched_a_extra
687,129,,,unmatched_a_extra
687,118,,,unmatched_a_extra
688,88,88,4.6,matched
688,92,95,52.5,matched
688,102,86,28.4,matched
688,115,,,unmatched_a_extra
688,129,,,unmatched_a_extra
688,118,,,unmatched_a_extra
688,123,,,unmatched_a_extra
689,88,88,6.5,matched
689,92,95,57.6,matched
689,102,86,28.7,matched
689,115,,,unmatched_a_extra
689,129,,,unmatched_a_extra
689,118,,,unmatched_a_extra
689,123,,,unmatched_a_extra
690,88,88,9.6,matched
690,92,95,29.2,matched
690,102,86,36.9,matched
690,123,93,13.7,matched
690,115,,,unmatched_a_extra
690,129,,,unmatched_a_extra
690,118,,,unmatched_a_extra
691,88,86,90.6,matched
691,92,95,26.5,matched
691,129,88,353.3,rejected_too_far
691,102,93,107.8,matched
691,115,,,unmatched_a_extra
691,118,,,unmatched_a_extra
691,133,,,unmatched_a_extra
692,88,86,99.0,matched
692,92,95,47.8,matched
692,129,99,75.2,matched
692,133,88,364.3,rejected_too_far
692,123,93,85.6,matched
692,115,,,unmatched_a_extra
692,118,,,unmatched_a_extra
693,88,88,5.5,matched
693,92,95,159.6,rejected_too_far
693,129,99,72.8,matched
693,123,93,16.4,matched
693,102,86,53.9,matched
693,115,,,unmatched_a_extra
693,118,,,unmatched_a_extra
693,133,,,unmatched_a_extra
694,88,86,112.7,matched
694,92,95,54.6,matched
694,129,99,69.5,matched
694,133,88,361.3,rejected_too_far
694,123,93,13.1,matched
694,115,,,unmatched_a_extra
694,118,,,unmatched_a_extra
695,88,88,3.2,matched
695,92,95,28.9,matched
695,129,99,63.2,matched
695,123,93,19.1,matched
695,115,,,unmatched_a_extra
695,118,,,unmatched_a_extra
695,133,,,unmatched_a_extra
696,88,88,9.1,matched
696,92,95,22.3,matched
696,129,99,62.7,matched
696,123,93,14.9,matched
696,115,,,unmatched_a_extra
696,118,,,unmatched_a_extra
696,133,,,unmatched_a_extra
697,88,88,9.0,matched
697,92,95,30.3,matched
697,129,99,53.5,matched
697,133,86,496.1,rejected_too_far
697,123,93,9.2,matched
697,115,,,unmatched_a_extra
697,118,,,unmatched_a_extra
698,88,88,6.4,matched
698,92,95,24.7,matched
698,129,99,48.3,matched
698,123,93,9.6,matched
698,102,86,210.7,rejected_too_far
698,115,,,unmatched_a_extra
698,118,,,unmatched_a_extra
698,133,,,unmatched_a_extra
699,88,88,4.8,matched
699,92,95,21.9,matched
699,129,99,46.4,matched
699,123,93,10.3,matched
699,102,86,240.5,rejected_too_far
699,115,,,unmatched_a_extra
699,118,,,unmatched_a_extra
699,133,,,unmatched_a_extra
700,88,88,7.5,matched
700,92,95,24.2,matched
700,129,99,56.5,matched
700,123,93,13.1,matched
700,102,86,211.1,rejected_too_far
700,115,,,unmatched_a_extra
700,118,,,unmatched_a_extra
700,133,,,unmatched_a_extra
701,88,88,16.5,matched
701,92,95,42.3,matched
701,129,99,74.2,matched
701,123,93,6.8,matched
701,102,86,152.7,rejected_too_far
701,115,,,unmatched_a_extra
701,118,,,unmatched_a_extra
701,133,,,unmatched_a_extra
702,88,88,17.7,matched
702,92,95,39.3,matched
702,129,99,95.0,matched
702,123,93,4.6,matched
702,102,86,100.3,matched
702,115,,,unmatched_a_extra
702,118,,,unmatched_a_extra
702,133,,,unmatched_a_extra
703,88,88,11.6,matched
703,92,95,39.6,matched
703,129,86,296.8,rejected_too_far
703,133,99,284.2,rejected_too_far
703,123,93,6.2,matched
703,115,,,unmatched_a_extra
703,118,,,unmatched_a_extra
704,88,88,15.3,matched
704,92,95,38.8,matched
704,129,99,127.3,matched
704,123,93,4.1,matched
704,102,86,80.8,matched
704,115,,,unmatched_a_extra
704,118,,,unmatched_a_extra
704,133,,,unmatched_a_extra
705,88,88,37.3,matched
705,92,99,102.7,matched
705,123,86,50.9,matched
705,115,,,unmatched_a_extra
705,129,,,unmatched_a_extra
705,118,,,unmatched_a_extra
705,133,,,unmatched_a_extra
705,102,,,unmatched_a_extra
706,88,88,19.5,matched
706,92,95,43.7,matched
706,129,99,182.0,rejected_too_far
706,123,86,52.1,matched
706,115,,,unmatched_a_extra
706,118,,,unmatched_a_extra
706,133,,,unmatched_a_extra
706,102,,,unmatched_a_extra
707,88,88,8.6,matched
707,92,95,18.3,matched
707,129,99,207.0,rejected_too_far
707,123,86,56.9,matched
707,115,,,unmatched_a_extra
707,118,,,unmatched_a_extra
707,133,,,unmatched_a_extra
707,102,,,unmatched_a_extra
708,88,95,44.7,matched
708,133,101,91.7,matched
708,123,86,59.4,matched
708,102,99,255.2,rejected_too_far
708,115,,,unmatched_a_extra
708,129,,,unmatched_a_extra
708,118,,,unmatched_a_extra
709,88,95,45.3,matched
709,129,99,336.1,rejected_too_far
709,133,101,92.2,matched
709,123,93,16.9,matched
709,102,86,83.1,matched
709,115,,,unmatched_a_extra
709,118,,,unmatched_a_extra
710,88,95,43.4,matched
710,129,99,379.3,rejected_too_far
710,133,101,91.0,matched
710,123,93,8.0,matched
710,102,86,97.0,matched
710,115,,,unmatched_a_extra
710,140,,,unmatched_a_extra
711,88,95,36.4,matched
711,133,101,90.3,matched
711,123,86,81.5,matched
711,102,99,209.4,rejected_too_far
711,115,,,unmatched_a_extra
711,129,,,unmatched_a_extra
711,140,,,unmatched_a_extra
712,88,88,18.7,matched
712,133,101,91.1,matched
712,123,93,8.3,matched
712,102,95,454.4,rejected_too_far
712,140,99,425.4,rejected_too_far
712,115,,,unmatched_a_extra
712,129,,,unmatched_a_extra
713,88,88,18.6,matched
713,129,95,1168.0,rejected_too_far
713,133,101,89.5,matched
713,123,93,4.7,matched
713,102,86,114.4,matched
713,140,99,341.6,rejected_too_far
713,115,,,unmatched_a_extra
714,88,88,21.1,matched
714,133,101,86.9,matched
714,123,93,6.6,matched
714,102,86,111.9,matched
714,140,99,284.7,rejected_too_far
714,92,95,31.0,matched
714,115,,,unmatched_a_extra
714,129,,,unmatched_a_extra
715,88,88,12.7,matched
715,133,101,87.3,matched
715,123,93,15.2,matched
715,102,86,120.8,matched
715,92,95,42.5,matched
715,115,,,unmatched_a_extra
715,129,,,unmatched_a_extra
715,140,,,unmatched_a_extra
716,88,88,4.2,matched
716,133,101,88.0,matched
716,123,93,17.6,matched
716,102,86,123.5,matched
716,140,104,154.6,rejected_too_far
716,92,95,30.0,matched
716,115,,,unmatched_a_extra
716,129,,,unmatched_a_extra
717,88,88,3.0,matched
717,133,101,88.7,matched
717,123,93,16.2,matched
717,102,86,112.2,matched
717,140,104,142.3,matched
717,92,95,22.3,matched
717,115,,,unmatched_a_extra
717,129,,,unmatched_a_extra
718,88,88,9.4,matched
718,133,101,86.1,matched
718,123,93,16.2,matched
718,102,86,97.5,matched
718,92,95,26.7,matched
718,115,,,unmatched_a_extra
718,129,,,unmatched_a_extra
718,140,,,unmatched_a_extra
719,88,88,8.6,matched
719,133,101,82.9,matched
719,123,93,17.7,matched
719,140,86,103.2,matched
719,92,95,25.5,matched
719,115,,,unmatched_a_extra
719,129,,,unmatched_a_extra
719,102,,,unmatched_a_extra
720,88,88,5.7,matched
720,133,101,79.0,matched
720,123,93,18.1,matched
720,102,104,125.8,matched
720,140,86,87.3,matched
720,92,95,21.6,matched
720,115,,,unmatched_a_extra
720,129,,,unmatched_a_extra
721,88,88,9.7,matched
721,133,101,75.2,matched
721,123,93,16.5,matched
721,102,104,118.6,matched
721,140,86,69.4,matched
721,92,95,15.1,matched
721,115,,,unmatched_a_extra
721,129,,,unmatched_a_extra
722,88,88,9.4,matched
722,133,101,72.3,matched
722,123,93,6.8,matched
722,102,104,128.7,matched
722,140,86,61.2,matched
722,92,95,11.3,matched
722,115,,,unmatched_a_extra
722,129,,,unmatched_a_extra
723,88,88,9.3,matched
723,133,101,71.8,matched
723,123,104,134.1,matched
723,140,86,54.2,matched
723,92,95,14.2,matched
723,115,,,unmatched_a_extra
723,129,,,unmatched_a_extra
723,102,,,unmatched_a_extra
724,88,104,405.1,rejected_too_far
724,129,101,4390.2,rejected_too_far
724,133,88,63.1,matched
724,123,93,24.7,matched
724,140,86,60.4,matched
724,92,95,12.6,matched
724,115,,,unmatched_a_extra
725,129,95,3575.3,rejected_too_far
725,133,88,48.3,matched
725,123,93,17.1,matched
725,140,86,54.7,matched
725,92,104,514.6,rejected_too_far
725,115,,,unmatched_a_extra
726,129,95,3233.2,rejected_too_far
726,133,88,37.1,matched
726,123,93,13.7,matched
726,140,104,143.0,matched
726,92,86,418.1,rejected_too_far
726,115,,,unmatched_a_extra
727,129,95,2864.9,rejected_too_far
727,133,88,32.8,matched
727,123,93,14.1,matched
727,140,86,56.1,matched
727,92,101,20.3,matched
727,102,104,169.1,rejected_too_far
727,115,,,unmatched_a_extra
728,129,95,2409.5,rejected_too_far
728,123,93,13.3,matched
728,140,86,64.5,matched
728,92,101,33.8,matched
728,142,88,16.7,matched
728,102,104,147.8,matched
728,115,,,unmatched_a_extra
729,129,95,2087.8,rejected_too_far
729,123,93,16.5,matched
729,140,86,65.5,matched
729,92,101,46.8,matched
729,142,88,24.9,matched
729,102,104,103.0,matched
729,115,,,unmatched_a_extra
730,123,93,16.8,matched
730,140,86,57.4,matched
730,92,95,45.9,matched
730,142,88,30.7,matched
730,102,104,83.8,matched
730,133,101,58.5,matched
730,115,,,unmatched_a_extra
730,129,,,unmatched_a_extra
731,123,93,23.4,matched
731,140,86,44.9,matched
731,92,108,253.3,rejected_too_far
731,142,88,30.4,matched
731,102,104,77.2,matched
731,133,101,55.7,matched
731,115,,,unmatched_a_extra
731,129,,,unmatched_a_extra
732,129,108,1808.4,rejected_too_far
732,123,93,10.2,matched
732,140,86,56.1,matched
732,92,95,57.7,matched
732,142,88,28.3,matched
732,102,104,72.6,matched
732,133,101,54.4,matched
732,115,,,unmatched_a_extra
733,140,86,60.6,matched
733,92,95,54.2,matched
733,102,104,75.0,matched
733,133,108,274.2,rejected_too_far
733,115,,,unmatched_a_extra
733,129,,,unmatched_a_extra
733,123,,,unmatched_a_extra
733,142,,,unmatched_a_extra
734,140,86,53.9,matched
734,92,95,54.0,matched
734,142,88,61.9,matched
734,102,104,71.8,matched
734,133,108,268.7,rejected_too_far
734,115,,,unmatched_a_extra
734,129,,,unmatched_a_extra
734,123,,,unmatched_a_extra
735,123,93,24.0,matched
735,140,86,44.6,matched
735,92,95,53.1,matched
735,142,101,51.3,matched
735,102,104,67.5,matched
735,133,108,258.3,rejected_too_far
735,115,,,unmatched_a_extra
735,129,,,unmatched_a_extra
736,123,93,16.5,matched
736,140,86,45.2,matched
736,142,101,43.3,matched
736,102,104,68.0,matched
736,133,108,255.7,rejected_too_far
736,115,,,unmatched_a_extra
736,129,,,unmatched_a_extra
736,92,,,unmatched_a_extra
737,123,93,17.0,matched
737,140,108,171.6,rejected_too_far
737,142,113,74.2,matched
737,102,104,70.5,matched
737,133,101,43.4,matched
737,115,,,unmatched_a_extra
737,129,,,unmatched_a_extra
737,92,,,unmatched_a_extra
738,123,93,16.4,matched
738,140,108,189.0,rejected_too_far
738,142,113,109.9,matched
738,102,104,69.1,matched
738,133,101,38.0,matched
738,115,,,unmatched_a_extra
738,129,,,unmatched_a_extra
738,92,,,unmatched_a_extra
739,123,93,16.5,matched
739,140,108,216.3,rejected_too_far
739,92,113,155.5,rejected_too_far
739,142,101,59.3,matched
739,102,104,66.9,matched
739,133,86,69.2,matched
739,115,,,unmatched_a_extra
739,129,,,unmatched_a_extra
740,123,93,20.0,matched
740,140,86,37.5,matched
740,92,113,166.4,rejected_too_far
740,142,101,44.0,matched
740,102,108,102.5,matched
740,133,104,213.4,rejected_too_far
740,115,,,unmatched_a_extra
740,129,,,unmatched_a_extra
741,123,93,19.9,matched
741,140,86,34.7,matched
741,142,113,35.8,matched
741,102,108,88.6,matched
741,115,,,unmatched_a_extra
741,129,,,unmatched_a_extra
741,92,,,unmatched_a_extra
741,133,,,unmatched_a_extra
742,123,93,20.0,matched
742,140,86,39.2,matched
742,102,108,88.9,matched
742,133,101,20.3,matched
742,115,,,unmatched_a_extra
742,129,,,unmatched_a_extra
742,92,,,unmatched_a_extra
742,142,,,unmatched_a_extra
743,123,93,18.4,matched
743,140,86,33.0,matched
743,142,101,42.8,matched
743,102,108,105.3,matched
743,115,,,unmatched_a_extra
743,129,,,unmatched_a_extra
743,92,,,unmatched_a_extra
744,115,108,833.0,rejected_too_far
744,123,93,19.7,matched
744,140,86,26.1,matched
744,92,113,215.8,rejected_too_far
744,142,101,45.9,matched
744,102,104,69.3,matched
744,129,,,unmatched_a_extra
745,115,108,658.2,rejected_too_far
745,123,93,23.9,matched
745,140,86,38.9,matched
745,92,113,224.7,rejected_too_far
745,142,101,45.3,matched
745,102,104,83.6,matched
746,115,108,609.0,rejected_too_far
746,123,93,29.9,matched
746,140,86,32.4,matched
746,92,113,231.2,rejected_too_far
746,142,101,48.6,matched
746,102,104,87.6,matched
747,115,108,598.3,rejected_too_far
747,123,93,36.7,matched
747,140,86,20.8,matched
747,92,113,239.1,rejected_too_far
747,142,101,51.0,matched
747,102,104,88.6,matched
748,123,93,35.5,matched
748,140,104,210.8,rejected_too_far
748,92,86,148.1,matched
748,142,113,29.6,matched
748,102,108,252.9,rejected_too_far
748,115,,,unmatched_a_extra
749,115,108,430.9,rejected_too_far
749,123,93,33.5,matched
749,140,86,9.6,matched
749,142,113,33.8,matched
749,102,104,104.4,matched
749,133,101,45.4,matched
749,92,,,unmatched_a_extra
750,123,93,35.0,matched
750,140,86,10.4,matched
750,142,101,68.4,matched
750,102,104,115.3,matched
750,133,108,227.7,rejected_too_far
750,115,,,unmatched_a_extra
750,92,,,unmatched_a_extra
751,115,108,359.5,rejected_too_far
751,123,93,33.1,matched
751,140,86,12.1,matched
751,142,113,43.2,matched
751,102,104,102.7,matched
751,133,101,46.4,matched
751,92,,,unmatched_a_extra
752,115,108,323.5,rejected_too_far
752,123,93,30.2,matched
752,92,86,101.7,matched
752,142,113,28.4,matched
752,102,104,96.5,matched
752,133,101,50.9,matched
753,115,108,293.9,rejected_too_far
753,123,93,30.7,matched
753,92,86,94.9,matched
753,142,113,27.1,matched
753,102,104,95.5,matched
753,133,101,58.3,matched
754,115,108,243.9,rejected_too_far
754,123,93,35.5,matched
754,92,86,90.3,matched
754,142,113,29.4,matched
754,102,104,119.1,matched
754,133,101,72.5,matched
755,115,108,224.4,rejected_too_far
755,123,93,35.2,matched
755,142,113,24.6,matched
755,102,104,112.2,matched
755,133,101,77.3,matched
755,140,86,22.3,matched
755,92,,,unmatched_a_extra
756,115,108,229.4,rejected_too_far
756,123,93,35.9,matched
756,142,113,20.8,matched
756,102,104,87.7,matched
756,133,101,73.3,matched
756,140,86,29.0,matched
756,92,,,unmatched_a_extra
757,115,108,240.1,rejected_too_far
757,123,93,34.7,matched
757,142,113,16.1,matched
757,102,104,79.5,matched
757,133,101,76.0,matched
757,140,86,41.5,matched
757,92,,,unmatched_a_extra
758,115,108,218.0,rejected_too_far
758,123,93,36.8,matched
758,142,113,20.8,matched
758,102,104,93.0,matched
758,133,101,99.7,matched
758,140,86,46.5,matched
758,92,,,unmatched_a_extra
759,123,101,135.5,matched
759,142,113,21.2,matched
759,102,104,84.6,matched
759,133,108,64.2,matched
759,140,86,45.3,matched
759,115,,,unmatched_a_extra
759,92,,,unmatched_a_extra
760,115,108,170.9,rejected_too_far
760,123,93,38.6,matched
760,142,113,33.2,matched
760,102,104,72.6,matched
760,133,101,104.6,matched
760,92,,,unmatched_a_extra
760,140,,,unmatched_a_extra
761,123,93,33.8,matched
761,92,113,272.2,rejected_too_far
761,142,101,112.5,matched
761,102,104,81.4,matched
761,133,108,50.6,matched
761,140,,,unmatched_a_extra
762,123,93,29.7,matched
762,92,113,268.5,rejected_too_far
762,142,101,150.8,rejected_too_far
762,102,104,80.4,matched
762,133,108,60.6,matched
762,140,,,unmatched_a_extra
763,123,93,23.4,matched
763,92,113,253.6,rejected_too_far
763,142,101,175.5,rejected_too_far
763,102,104,72.8,matched
763,133,108,77.0,matched
763,140,,,unmatched_a_extra
764,123,93,20.5,matched
764,142,113,14.5,matched
764,133,101,144.5,matched
764,115,108,177.6,rejected_too_far
764,92,,,unmatched_a_extra
764,102,,,unmatched_a_extra
764,140,,,unmatched_a_extra
765,123,93,28.5,matched
765,142,113,22.2,matched
765,133,101,149.8,matched
765,140,122,45.5,matched
765,115,108,141.4,matched
765,92,,,unmatched_a_extra
765,102,,,unmatched_a_extra
766,123,93,32.8,matched
766,92,113,237.6,rejected_too_far
766,133,101,174.6,rejected_too_far
766,140,122,43.9,matched
766,115,108,141.9,matched
766,102,,,unmatched_a_extra
767,123,93,29.4,matched
767,92,113,237.8,rejected_too_far
767,133,108,140.3,matched
767,140,122,40.2,matched
767,102,,,unmatched_a_extra
767,115,,,unmatched_a_extra
768,123,93,26.2,matched
768,92,113,234.2,rejected_too_far
768,133,108,115.2,matched
768,140,122,37.8,matched
768,102,,,unmatched_a_extra
768,115,,,unmatched_a_extra
769,123,93,24.8,matched
769,133,108,120.9,matched
769,140,122,38.7,matched
769,142,113,17.1,matched
769,92,,,unmatched_a_extra
769,102,,,unmatched_a_extra
770,123,93,25.8,matched
770,133,108,145.6,matched
770,140,122,40.3,matched
770,142,113,15.0,matched
770,92,,,unmatched_a_extra
770,102,,,unmatched_a_extra
771,123,93,25.6,matched
771,133,101,228.1,rejected_too_far
771,140,122,46.1,matched
771,142,113,15.9,matched
771,115,108,109.9,matched
771,92,,,unmatched_a_extra
771,102,,,unmatched_a_extra
772,123,93,23.8,matched
772,133,101,291.0,rejected_too_far
772,140,122,54.3,matched
772,142,113,18.7,matched
772,115,108,97.2,matched
772,92,,,unmatched_a_extra
772,102,,,unmatched_a_extra
773,123,93,23.5,matched
773,133,101,309.8,rejected_too_far
773,140,122,67.2,matched
773,142,113,24.1,matched
773,115,108,92.9,matched
773,92,,,unmatched_a_extra
773,102,,,unmatched_a_extra
774,123,93,27.7,matched
774,133,101,330.9,rejected_too_far
774,140,122,62.4,matched
774,142,113,25.0,matched
774,115,108,89.3,matched
774,92,,,unmatched_a_extra
774,102,,,unmatched_a_extra
775,123,93,32.9,matched
775,92,113,223.5,rejected_too_far
775,140,122,70.1,matched
775,142,108,237.2,rejected_too_far
775,115,101,39.0,matched
775,102,,,unmatched_a_extra
775,133,,,unmatched_a_extra
776,123,93,32.2,matched
776,92,113,232.4,rejected_too_far
776,140,122,75.0,matched
776,142,108,226.9,rejected_too_far
776,115,101,43.6,matched
776,102,,,unmatched_a_extra
776,133,,,unmatched_a_extra
777,123,93,27.9,matched
777,92,113,239.9,rejected_too_far
777,140,122,79.6,matched
777,142,108,167.9,rejected_too_far
777,115,101,24.1,matched
777,102,,,unmatched_a_extra
777,133,,,unmatched_a_extra
778,123,93,26.3,matched
778,92,122,64.7,matched
778,142,113,59.8,matched
778,115,108,100.6,matched
778,102,,,unmatched_a_extra
778,133,,,unmatched_a_extra
778,140,,,unmatched_a_extra
779,123,93,27.6,matched
779,92,122,64.3,matched
779,142,113,48.1,matched
779,115,108,129.3,matched
779,102,,,unmatched_a_extra
779,133,,,unmatched_a_extra
779,140,,,unmatched_a_extra
780,123,93,26.4,matched
780,92,122,65.4,matched
780,142,113,47.3,matched
780,115,108,55.6,matched
780,102,,,unmatched_a_extra
780,133,,,unmatched_a_extra
780,140,,,unmatched_a_extra
781,123,93,27.1,matched
781,92,122,59.4,matched
781,142,113,56.3,matched
781,115,108,35.9,matched
781,102,,,unmatched_a_extra
781,133,,,unmatched_a_extra
781,140,,,unmatched_a_extra
782,123,93,22.8,matched
782,92,122,43.5,matched
782,142,113,75.5,matched
782,115,108,49.3,matched
782,102,,,unmatched_a_extra
782,133,,,unmatched_a_extra
782,140,,,unmatched_a_extra
783,123,93,22.7,matched
783,92,122,38.9,matched
783,142,113,86.6,matched
783,115,108,39.5,matched
783,102,,,unmatched_a_extra
783,133,,,unmatched_a_extra
783,140,,,unmatched_a_extra
784,123,93,32.9,matched
784,92,122,42.6,matched
784,142,113,86.3,matched
784,115,108,26.6,matched
784,102,,,unmatched_a_extra
784,133,,,unmatched_a_extra
784,140,,,unmatched_a_extra
785,123,93,34.1,matched
785,92,122,45.9,matched
785,142,113,114.8,matched
785,115,108,33.4,matched
785,102,,,unmatched_a_extra
785,133,,,unmatched_a_extra
785,140,,,unmatched_a_extra
786,123,93,27.2,matched
786,92,122,34.5,matched
786,142,113,123.9,matched
786,115,108,43.1,matched
786,102,,,unmatched_a_extra
786,133,,,unmatched_a_extra
786,140,,,unmatched_a_extra
787,123,93,22.1,matched
787,142,113,133.4,matched
787,115,108,46.7,matched
787,92,,,unmatched_a_extra
787,102,,,unmatched_a_extra
787,133,,,unmatched_a_extra
787,140,,,unmatched_a_extra
788,123,93,25.9,matched
788,142,113,165.7,rejected_too_far
788,115,108,31.2,matched
788,92,,,unmatched_a_extra
788,102,,,unmatched_a_extra
788,133,,,unmatched_a_extra
788,140,,,unmatched_a_extra
789,123,93,29.4,matched
789,142,113,185.0,rejected_too_far
789,115,108,36.1,matched
789,92,,,unmatched_a_extra
789,133,,,unmatched_a_extra
789,140,,,unmatched_a_extra
790,123,93,29.1,matched
790,142,113,199.6,rejected_too_far
790,115,108,26.8,matched
790,92,,,unmatched_a_extra
790,133,,,unmatched_a_extra
790,140,,,unmatched_a_extra
790,102,,,unmatched_a_extra
791,123,93,25.3,matched
791,142,113,223.8,rejected_too_far
791,115,108,22.2,matched
791,92,,,unmatched_a_extra
791,133,,,unmatched_a_extra
791,140,,,unmatched_a_extra
791,102,,,unmatched_a_extra
792,123,93,21.1,matched
792,142,113,230.9,rejected_too_far
792,115,108,11.6,matched
792,92,,,unmatched_a_extra
792,133,,,unmatched_a_extra
792,140,,,unmatched_a_extra
792,102,,,unmatched_a_extra
793,123,93,19.9,matched
793,142,113,232.8,rejected_too_far
793,115,108,52.8,matched
793,92,,,unmatched_a_extra
793,133,,,unmatched_a_extra
793,140,,,unmatched_a_extra
793,102,,,unmatched_a_extra
794,123,93,25.0,matched
794,142,113,250.7,rejected_too_far
794,115,108,27.8,matched
794,92,,,unmatched_a_extra
794,133,,,unmatched_a_extra
794,140,,,unmatched_a_extra
794,102,,,unmatched_a_extra
